,name,position,height,weight,current_team,college,draft_team,draft_round,draft_position,draft_year,position_cleaned,year,game_location,player_age,passing_attempts,passing_completions,passing_yards,passing_rating,passing_touchdowns,passing_interceptions,passing_sacks,passing_sacks_yards_lost,rushing_attempts,rushing_yards,rushing_touchdowns,receiving_targets,receiving_receptions,receiving_yards,receiving_touchdowns,kick_return_yards,kick_return_touchdowns,punt_return_yards,punt_return_touchdowns,total_passing_fantasy_points,total_rushing_fantasy_points,total_receiving_fantasy_points,total_other_fantasy_points,total_combined_fantasy_points
238,Bryce Petty,QB,3-Jun,230.0,New York Jets,Baylor,New York Jets,4.0,103.0,2015.0,QB,2016,A,9317.916667,25,40,276,60.56666667,0,2,8,49,4,19,0,0,0,0,0,0,0,0,0,-0.96,1.9,0.0,0,0.94
239,Bryce Petty,QB,3-Jun,230.0,New York Jets,Baylor,New York Jets,4.0,103.0,2015.0,QB,2016,H,9315.916667,50,93,533,57.7,3,5,5,30,1,0,0,0,0,0,0,0,0,0,0,24.32,0.0,0.0,0,24.32
1540,Ryan Fitzpatrick,QB,2-Jun,221.0,Tampa Bay Buccaneers,Harvard,St. Louis Rams,7.0,250.0,2005.0,QB,2015,A,12041.46875,161,272,1889,82.925,11,8,12,52,33,140,1,0,0,0,0,0,0,0,0,113.56,20.0,0.0,0,133.56
1541,Ryan Fitzpatrick,QB,2-Jun,221.0,Tampa Bay Buccaneers,Harvard,St. Louis Rams,7.0,250.0,2005.0,QB,2015,H,12035.84375,174,290,2016,96.5875,20,7,7,42,27,130,1,0,0,0,0,0,0,0,0,179.64,19.0,0.0,0,198.64
1542,Ryan Fitzpatrick,QB,2-Jun,221.0,Tampa Bay Buccaneers,Harvard,St. Louis Rams,7.0,250.0,2005.0,QB,2016,A,12386.71429,125,229,1549,63.77142857,4,11,9,43,18,96,0,0,0,0,0,0,0,0,0,54.96,9.6,0.0,0,64.56
1543,Ryan Fitzpatrick,QB,2-Jun,221.0,Tampa Bay Buccaneers,Harvard,St. Louis Rams,7.0,250.0,2005.0,QB,2016,H,12406.82143,103,174,1161,73.81428571,8,6,10,38,15,34,0,0,0,0,0,0,0,0,0,72.44,3.4,0.0,0,75.84
1544,Ryan Fitzpatrick,QB,2-Jun,221.0,Tampa Bay Buccaneers,Harvard,St. Louis Rams,7.0,250.0,2005.0,QB,2017,A,12768.0625,79,128,916,92.625,6,2,6,28,10,71,0,0,0,0,0,0,0,0,0,62.64,7.1,0.0,0,69.74
1545,Ryan Fitzpatrick,QB,2-Jun,221.0,Tampa Bay Buccaneers,Harvard,St. Louis Rams,7.0,250.0,2005.0,QB,2017,H,12743.5,17,35,187,51.9,1,1,1,6,5,7,0,0,0,0,0,0,0,0,0,10.48,0.7,0.0,0,11.18
1688,A.J. McCarron,QB,3-Jun,220.0,Cincinnati Bengals,Alabama,Cincinnati Bengals,5.0,164.0,2014.0,QB,2015,A,9227.25,39,59,411,95.8,2,0,6,32,6,23,0,0,0,0,0,0,0,0,0,22.44,2.3,0.0,0,24.74
1689,A.J. McCarron,QB,3-Jun,220.0,Cincinnati Bengals,Alabama,Cincinnati Bengals,5.0,164.0,2014.0,QB,2015,H,9221.45,63,101,655,68.4,5,3,9,55,13,17,0,0,0,0,0,0,0,0,0,41.2,1.7,0.0,0,42.9
1690,A.J. McCarron,QB,3-Jun,220.0,Cincinnati Bengals,Alabama,Cincinnati Bengals,5.0,164.0,2014.0,QB,2016,A,9529.5,0,0,0,0.0,0,0,0,0,0,0,0,0,0,0,0,0,0,0,0,0.0,0.0,0.0,0,0.0
1691,A.J. McCarron,QB,3-Jun,220.0,Cincinnati Bengals,Alabama,Cincinnati Bengals,5.0,164.0,2014.0,QB,2017,A,9879.75,0,0,0,0.0,0,0,0,0,0,0,0,0,0,0,0,0,0,0,0,0.0,0.0,0.0,0,0.0
1998,Chad Henne,QB,3-Jun,228.0,Jacksonville Jaguars,Michigan,Miami Dolphins,2.0,57.0,2008.0,QB,2016,A,11463.75,0,0,0,0.0,0,0,0,0,1,-2,0,0,0,0,0,0,0,0,0,0.0,-0.2,0.0,0,-0.2
1999,Chad Henne,QB,3-Jun,228.0,Jacksonville Jaguars,Michigan,Miami Dolphins,2.0,57.0,2008.0,QB,2017,H,11772.0,0,2,0,39.6,0,0,0,0,3,-3,0,0,0,0,0,0,0,0,0,0.0,-0.3,0.0,0,-0.3
2236,Josh McCown,QB,4-Jun,212.0,New York Jets,SMU,Arizona Cardinals,3.0,81.0,2002.0,QB,2015,A,13242.75,99,132,1132,102.975,4,0,12,74,10,56,1,0,0,0,0,0,0,0,0,57.28,11.6,0.0,0,68.88
2237,Josh McCown,QB,4-Jun,212.0,New York Jets,SMU,Arizona Cardinals,3.0,81.0,2002.0,QB,2015,H,13264.0,87,160,977,79.125,8,4,11,63,10,42,0,0,0,0,0,0,0,0,0,68.08,4.2,0.0,0,72.28
2238,Josh McCown,QB,4-Jun,212.0,New York Jets,SMU,Arizona Cardinals,3.0,81.0,2002.0,QB,2016,A,13643.25,6,13,59,19.9,0,2,3,29,0,0,0,0,0,0,0,0,0,0,0,-4.64,0.0,0.0,0,-4.64
2239,Josh McCown,QB,4-Jun,212.0,New York Jets,SMU,Arizona Cardinals,3.0,81.0,2002.0,QB,2016,H,13634.0,84,152,1041,78.975,6,4,15,97,7,21,0,0,0,0,0,0,0,0,0,54.64,2.1,0.0,0,56.74
2240,Josh McCown,QB,4-Jun,212.0,New York Jets,SMU,Arizona Cardinals,3.0,81.0,2002.0,QB,2017,A,13975.5,105,159,1018,91.44,8,5,17,120,12,29,2,0,0,0,0,0,0,0,0,61.72,14.9,0.0,0,76.62
2241,Josh McCown,QB,4-Jun,212.0,New York Jets,SMU,Arizona Cardinals,3.0,81.0,2002.0,QB,2017,H,13989.0,130,190,1531,104.0,9,3,18,125,16,69,1,0,0,0,0,0,0,0,0,91.24,12.9,0.0,0,104.14
3540,Sean Renfree,QB,3-Jun,219.0,,Duke,Atlanta Falcons,7.0,249.0,2013.0,QB,2015,A,9360.25,3,7,11,10.7,0,1,2,17,0,0,0,0,0,0,0,0,0,0,0,-3.56,0.0,0.0,0,-3.56
3541,Sean Renfree,QB,3-Jun,219.0,,Duke,Atlanta Falcons,7.0,249.0,2013.0,QB,2015,H,9290.25,0,0,0,0.0,0,0,0,0,1,-4,0,0,0,0,0,0,0,0,0,0.0,-0.4,0.0,0,-0.4
4883,Matt Schaub,QB,5-Jun,235.0,Atlanta Falcons,Virginia,Atlanta Falcons,3.0,90.0,2004.0,QB,2015,A,12579.5,52,80,540,75.85,3,4,3,27,4,10,0,0,0,0,0,0,0,0,0,28.6,1.0,0.0,0,29.6
4884,Matt Schaub,QB,5-Jun,235.0,Atlanta Falcons,Virginia,Atlanta Falcons,3.0,90.0,2004.0,QB,2016,A,12912.08333,0,2,0,13.2,0,0,0,0,2,-2,0,0,0,0,0,0,0,0,0,0.0,-0.2,0.0,0,-0.2
4885,Matt Schaub,QB,5-Jun,235.0,Atlanta Falcons,Virginia,Atlanta Falcons,3.0,90.0,2004.0,QB,2016,H,12949.25,1,1,16,59.35,0,0,0,0,0,0,0,0,0,0,0,0,0,0,0,0.64,0.0,0.0,0,0.64
5582,Blaine Gabbert,QB,5-Jun,235.0,Arizona Cardinals,Missouri,Jacksonville Jaguars,1.0,10.0,2011.0,QB,2015,A,9552.0,80,127,879,96.425,5,0,18,111,14,125,1,0,0,0,0,0,0,0,0,47.16,18.5,0.0,0,65.66
5583,Blaine Gabbert,QB,5-Jun,235.0,Arizona Cardinals,Missouri,Jacksonville Jaguars,1.0,10.0,2011.0,QB,2015,H,9550.25,98,155,1152,78.9,5,7,7,53,18,60,0,0,0,0,0,0,0,0,0,55.08,6.0,0.0,0,61.08
5584,Blaine Gabbert,QB,5-Jun,235.0,Arizona Cardinals,Missouri,Jacksonville Jaguars,1.0,10.0,2011.0,QB,2016,A,9863.25,35,71,397,55.6,2,3,3,14,9,33,1,0,0,0,0,0,0,0,0,18.88,9.3,0.0,0,28.18
5585,Blaine Gabbert,QB,5-Jun,235.0,Arizona Cardinals,Missouri,Jacksonville Jaguars,1.0,10.0,2011.0,QB,2016,H,9844.166667,56,89,528,77.4,3,3,8,34,31,140,1,1,1,-16,0,0,0,0,0,25.12,20.0,-0.6,0,44.52
5586,Blaine Gabbert,QB,5-Jun,235.0,Arizona Cardinals,Missouri,Jacksonville Jaguars,1.0,10.0,2011.0,QB,2017,A,10262.0,22,34,257,92.4,3,2,2,13,3,13,0,0,0,0,0,0,0,0,0,22.28,1.3,0.0,0,23.58
5587,Blaine Gabbert,QB,5-Jun,235.0,Arizona Cardinals,Missouri,Jacksonville Jaguars,1.0,10.0,2011.0,QB,2017,H,10269.0,22,38,241,83.3,2,1,1,5,6,17,0,0,0,0,0,0,0,0,0,18.64,1.7,0.0,0,20.34
6430,Brock Osweiler,QB,7-Jun,240.0,Denver Broncos,Arizona St.,Denver Broncos,2.0,57.0,2012.0,QB,2015,A,9138.1875,57,97,712,71.75,6,2,8,53,10,24,1,0,0,0,0,0,0,0,0,52.48,8.4,0.0,0,60.88
6431,Brock Osweiler,QB,7-Jun,240.0,Denver Broncos,Arizona St.,Denver Broncos,2.0,57.0,2012.0,QB,2015,H,9151.0,113,178,1255,81.22,4,4,15,98,11,37,0,0,0,0,0,0,0,0,0,51.2,3.7,0.0,0,54.9
6432,Brock Osweiler,QB,7-Jun,240.0,Denver Broncos,Arizona St.,Denver Broncos,2.0,57.0,2012.0,QB,2016,A,9494.694444,185,329,1652,69.8,8,7,20,141,16,108,1,1,1,-14,0,0,0,0,0,80.08,16.8,-0.4,0,96.48
6433,Brock Osweiler,QB,7-Jun,240.0,Denver Broncos,Arizona St.,Denver Broncos,2.0,57.0,2012.0,QB,2016,H,9475.59375,153,246,1670,72.0375,9,12,10,82,21,56,2,0,0,0,0,0,0,0,0,86.8,17.6,0.0,0,104.4
6434,Brock Osweiler,QB,7-Jun,240.0,Denver Broncos,Arizona St.,Denver Broncos,2.0,57.0,2012.0,QB,2017,A,9844.5,19,38,208,53.4,1,2,3,17,0,0,0,0,0,0,0,0,0,0,0,7.32,0.0,0.0,0,7.32
6435,Brock Osweiler,QB,7-Jun,240.0,Denver Broncos,Arizona St.,Denver Broncos,2.0,57.0,2012.0,QB,2017,H,9844.5,43,79,493,68.76666667,2,2,3,25,6,22,0,0,0,0,0,0,0,0,0,24.72,2.2,0.0,0,26.92
7308,Tony Romo ,QB,2-Jun,219.0,,East. Illinois,,,,,QB,2015,A,12967.25,36,55,422,85.6,2,2,5,25,3,14,0,0,0,0,0,0,0,0,0,19.88,1.4,0.0,0,21.28
7309,Tony Romo ,QB,2-Jun,219.0,,East. Illinois,,,,,QB,2015,H,12965.75,47,66,462,65.25,3,5,1,10,1,-1,0,0,0,0,0,0,0,0,0,25.48,-0.1,0.0,0,25.38
7310,Tony Romo ,QB,2-Jun,219.0,,East. Illinois,,,,,QB,2016,A,13404.0,3,4,29,134.4,1,0,0,0,0,0,0,0,0,0,0,0,0,0,0,7.16,0.0,0.0,0,7.16
7432,Johnny Manziel,QB,Jun-00,207.0,,Texas A&M;,Cleveland Browns,1.0,22.0,2014.0,QB,2015,A,8376.75,97,171,1046,73.68333333,4,4,15,108,26,213,0,0,0,0,0,0,0,0,0,42.84,21.3,0.0,0,64.14
7433,Johnny Manziel,QB,Jun-00,207.0,,Texas A&M;,Cleveland Browns,1.0,22.0,2014.0,QB,2015,H,8372.8125,32,52,454,70.55,3,1,4,33,11,17,0,0,0,0,0,0,0,0,0,30.16,1.7,0.0,0,31.86
8276,Russell Wilson,QB,11-May,203.0,Seattle Seahawks,Wisconsin,Seattle Seahawks,3.0,75.0,2012.0,QB,2015,A,9850.125,210,309,2386,100.28,21,9,26,150,57,305,1,0,0,0,0,0,0,0,0,177.44,36.5,0.0,0,213.94
8277,Russell Wilson,QB,11-May,203.0,Seattle Seahawks,Wisconsin,Seattle Seahawks,3.0,75.0,2012.0,QB,2015,H,9845.09375,163,248,2146,111.675,17,2,26,169,54,301,0,0,0,0,0,0,0,0,0,157.84,30.1,0.0,0,187.94
8278,Russell Wilson,QB,11-May,203.0,Seattle Seahawks,Wisconsin,Seattle Seahawks,3.0,75.0,2012.0,QB,2016,A,10213.72222,191,309,2263,83.57777778,10,10,22,169,37,176,0,1,1,-1,0,0,0,0,0,108.52,17.6,0.9,0,127.02
8279,Russell Wilson,QB,11-May,203.0,Seattle Seahawks,Wisconsin,Seattle Seahawks,3.0,75.0,2012.0,QB,2016,H,10212.52778,202,297,2405,107.46666670000002,15,3,25,155,44,129,1,1,1,15,1,0,0,0,0,155.2,18.9,8.5,0,182.6
8280,Russell Wilson,QB,11-May,203.0,Seattle Seahawks,Wisconsin,Seattle Seahawks,3.0,75.0,2012.0,QB,2017,A,10548.83333,136,218,1529,95.81666667,12,2,13,90,28,136,1,0,0,0,0,0,0,0,0,116.16,19.6,0.0,0,135.76
8281,Russell Wilson,QB,11-May,203.0,Seattle Seahawks,Wisconsin,Seattle Seahawks,3.0,75.0,2012.0,QB,2017,H,10552.8,120,193,1500,93.42,11,6,13,73,37,265,2,0,0,0,0,0,0,0,0,101.0,38.5,0.0,0,139.5
8774,Case Keenum,QB,2-Jun,209.0,Minnesota Vikings,Houston,,,,,QB,2015,A,10165.41667,48,86,470,79.6,2,0,1,5,7,6,0,0,0,0,0,0,0,0,0,29.8,0.6,0.0,0,30.4
8775,Case Keenum,QB,2-Jun,209.0,Minnesota Vikings,Houston,,,,,QB,2015,H,10152.75,28,39,358,72.56666667,2,1,3,23,5,-1,0,0,0,0,0,0,0,0,0,21.32,-0.1,0.0,0,21.22
8776,Case Keenum,QB,2-Jun,209.0,Minnesota Vikings,Houston,,,,,QB,2016,A,10472.16667,98,162,1104,82.41666667,7,4,9,56,16,43,1,0,0,0,0,0,0,0,0,69.16,10.3,0.0,0,79.46
8777,Case Keenum,QB,2-Jun,209.0,Minnesota Vikings,Houston,,,,,QB,2016,H,10467.25,98,160,1097,69.875,2,7,14,84,4,8,0,0,0,0,0,0,0,0,0,27.88,0.8,0.0,0,28.68
8778,Case Keenum,QB,2-Jun,209.0,Minnesota Vikings,Houston,,,,,QB,2017,A,10841.65,106,160,1181,100.62,9,3,5,32,11,41,1,0,0,0,0,0,0,0,0,90.24,10.1,0.0,0,100.34
8779,Case Keenum,QB,2-Jun,209.0,Minnesota Vikings,Houston,,,,,QB,2017,H,10833.65,112,170,1295,93.24,5,2,2,22,12,62,0,0,0,0,0,0,0,0,0,75.8,6.2,0.0,0,82.0
9229,Andy Dalton,QB,2-Jun,215.0,Cincinnati Bengals,TCU,Cincinnati Bengals,2.0,35.0,2011.0,QB,2015,A,10222.875,126,195,1661,111.35,13,3,10,67,30,58,2,0,0,0,0,0,0,0,0,128.44,17.8,0.0,0,146.24
9230,Andy Dalton,QB,2-Jun,215.0,Cincinnati Bengals,TCU,Cincinnati Bengals,2.0,35.0,2011.0,QB,2015,H,10229.60714,129,191,1589,104.7142857,12,4,10,51,27,84,1,0,0,0,0,0,0,0,0,117.56,14.4,0.0,0,131.96
9231,Andy Dalton,QB,2-Jun,215.0,Cincinnati Bengals,TCU,Cincinnati Bengals,2.0,35.0,2011.0,QB,2016,A,10595.375,194,302,2190,94.4875,10,3,27,176,19,111,1,0,0,0,0,0,0,0,0,114.6,17.1,0.0,0,131.7
9232,Andy Dalton,QB,2-Jun,215.0,Cincinnati Bengals,TCU,Cincinnati Bengals,2.0,35.0,2011.0,QB,2016,H,10605.40625,170,261,2016,92.9,8,5,14,88,27,73,3,0,0,0,0,0,0,0,0,104.64,25.3,0.0,0,129.94
9233,Andy Dalton,QB,2-Jun,215.0,Cincinnati Bengals,TCU,Cincinnati Bengals,2.0,35.0,2011.0,QB,2017,A,10952.70833,108,165,1193,105.13333329999999,13,2,15,115,16,38,0,0,0,0,0,0,0,0,0,106.72,3.8,0.0,0,110.52
9234,Andy Dalton,QB,2-Jun,215.0,Cincinnati Bengals,TCU,Cincinnati Bengals,2.0,35.0,2011.0,QB,2017,H,10939.95,93,159,1179,80.4,5,6,13,72,15,45,0,0,0,0,0,0,0,0,0,52.16,4.5,0.0,0,56.66
9814,Matt Ryan,QB,4-Jun,217.0,Atlanta Falcons,Boston Col.,Atlanta Falcons,1.0,3.0,2008.0,QB,2015,A,11129.5,210,323,2236,87.35,9,5,17,129,15,28,0,0,0,0,0,0,0,0,0,116.44,2.8,0.0,0,119.24
9815,Matt Ryan,QB,4-Jun,217.0,Atlanta Falcons,Boston Col.,Atlanta Falcons,1.0,3.0,2008.0,QB,2015,H,11134.375,197,291,2355,91.6125,12,11,13,74,21,35,0,0,0,0,0,0,0,0,0,131.2,3.5,0.0,0,134.7
9816,Matt Ryan,QB,4-Jun,217.0,Atlanta Falcons,Boston Col.,Atlanta Falcons,1.0,3.0,2008.0,QB,2016,A,11489.25,176,262,2363,114.7125,19,3,19,133,13,37,0,0,0,0,0,0,0,0,0,183.52,3.7,0.0,0,187.22
9817,Matt Ryan,QB,4-Jun,217.0,Atlanta Falcons,Boston Col.,Atlanta Falcons,1.0,3.0,2008.0,QB,2016,H,11513.85,250,347,3311,121.67,26,4,21,117,28,100,1,0,0,0,0,0,0,0,0,259.44,16.0,0.0,0,275.44
9818,Matt Ryan,QB,4-Jun,217.0,Atlanta Falcons,Boston Col.,Atlanta Falcons,1.0,3.0,2008.0,QB,2016,N,11586.75,17,23,284,144.1,2,0,5,44,0,0,0,0,0,0,0,0,0,0,0,18.36,0.0,0.0,0,18.36
9819,Matt Ryan,QB,4-Jun,217.0,Atlanta Falcons,Boston Col.,Atlanta Falcons,1.0,3.0,2008.0,QB,2017,A,11842.66667,129,192,1610,102.9666667,10,4,9,64,17,75,0,0,0,0,0,0,0,0,0,107.4,7.5,0.0,0,114.9
9820,Matt Ryan,QB,4-Jun,217.0,Atlanta Falcons,Boston Col.,Atlanta Falcons,1.0,3.0,2008.0,QB,2017,H,11844.6,115,169,1274,94.44,6,4,7,49,3,17,0,0,0,0,0,0,0,0,0,71.96,1.7,0.0,0,73.66
10046,B.J. Daniels,QB,11-May,217.0,,South Florida,San Francisco 49ers,7.0,237.0,2013.0,QB,2015,A,9884.625,1,2,7,14.575,0,0,0,0,6,6,0,1,1,6,0,0,0,7,0,0.28,0.6,1.6,0,2.48
10047,B.J. Daniels,QB,11-May,217.0,,South Florida,San Francisco 49ers,7.0,237.0,2013.0,QB,2015,H,9882.125,0,0,0,0.0,0,0,0,0,0,0,0,1,1,12,0,0,0,18,0,0.0,0.0,2.2,0,2.2
11008,Matt Cassel,QB,5-Jun,230.0,Tennessee Titans,USC,New England Patriots,7.0,230.0,2005.0,QB,2015,A,12242.5,65,114,750,63.225,1,5,7,29,7,9,0,0,0,0,0,0,0,0,0,19.0,0.9,0.0,0,19.9
11009,Matt Cassel,QB,5-Jun,230.0,Tennessee Titans,USC,New England Patriots,7.0,230.0,2005.0,QB,2015,H,12236.91667,54,90,526,46.1,4,2,7,57,8,69,0,0,0,0,0,0,0,0,0,34.04,6.9,0.0,0,40.94
11010,Matt Cassel,QB,5-Jun,230.0,Tennessee Titans,USC,New England Patriots,7.0,230.0,2005.0,QB,2016,A,12591.0,13,24,124,32.65,1,1,1,6,1,-1,0,0,0,0,0,0,0,0,0,7.96,-0.1,0.0,0,7.86
11011,Matt Cassel,QB,5-Jun,230.0,Tennessee Titans,USC,New England Patriots,7.0,230.0,2005.0,QB,2016,H,12614.5,17,27,160,91.25,1,1,4,17,3,4,0,0,0,0,0,0,0,0,0,6.4,0.4,0.0,0,6.8
11012,Matt Cassel,QB,5-Jun,230.0,Tennessee Titans,USC,New England Patriots,7.0,230.0,2005.0,QB,2017,A,12930.08333,25,42,162,31.26666667,1,2,8,30,0,0,0,0,0,0,0,0,0,0,0,0.48,0.0,0.0,0,0.48
12405,Derek Anderson ,QB,6-Jun,229.0,Carolina Panthers,Oregon St.,Baltimore Ravens,6.0,213.0,2005.0,QB,2015,H,11879.5,4,6,36,20.65,0,0,0,0,9,-4,0,0,0,0,0,0,0,0,0,1.44,-0.4,0.0,0,1.04
12406,Derek Anderson ,QB,6-Jun,229.0,Carolina Panthers,Oregon St.,Baltimore Ravens,6.0,213.0,2005.0,QB,2016,A,12193.75,17,24,172,43.8,2,3,0,0,0,0,0,0,0,0,0,0,0,0,0,12.88,0.0,0.0,0,12.88
12407,Derek Anderson ,QB,6-Jun,229.0,Carolina Panthers,Oregon St.,Baltimore Ravens,6.0,213.0,2005.0,QB,2016,H,12185.91667,19,29,281,48.83333333,0,2,0,0,1,4,0,0,0,0,0,0,0,0,0,7.24,0.4,0.0,0,7.64
12408,Derek Anderson ,QB,6-Jun,229.0,Carolina Panthers,Oregon St.,Baltimore Ravens,6.0,213.0,2005.0,QB,2017,H,12544.5,2,7,17,19.8,0,0,0,0,2,-2,0,0,0,0,0,0,0,0,0,0.68,-0.2,0.0,0,0.48
13438,Jay Cutler ,QB,3-Jun,225.0,Miami Dolphins,Vanderbilt,Denver Broncos,1.0,11.0,2006.0,QB,2015,A,11890.71429,163,245,1795,101.8714286,12,3,13,79,19,80,0,0,0,0,0,0,0,0,0,124.8,8.0,0.0,0,132.8
13439,Jay Cutler ,QB,3-Jun,225.0,Miami Dolphins,Vanderbilt,Denver Broncos,1.0,11.0,2006.0,QB,2015,H,11879.25,148,238,1864,89.575,9,8,16,71,19,121,1,0,0,0,0,0,0,0,0,96.56,18.1,0.0,0,114.66
13440,Jay Cutler ,QB,3-Jun,225.0,Miami Dolphins,Vanderbilt,Denver Broncos,1.0,11.0,2006.0,QB,2016,A,12232.58333,49,89,650,70.93333333,3,4,13,82,4,22,0,0,0,0,0,0,0,0,0,23.0,2.2,0.0,0,25.2
13441,Jay Cutler ,QB,3-Jun,225.0,Miami Dolphins,Vanderbilt,Denver Broncos,1.0,11.0,2006.0,QB,2016,H,12217.25,32,48,409,87.7,1,1,4,22,1,2,0,0,0,0,0,0,0,0,0,16.36,0.2,0.0,0,16.56
13442,Jay Cutler ,QB,3-Jun,225.0,Miami Dolphins,Vanderbilt,Denver Broncos,1.0,11.0,2006.0,QB,2017,A,12582.5,91,147,814,82.8,6,3,5,30,5,6,0,0,0,0,0,0,0,0,0,57.56,0.6,0.0,0,58.16
13443,Jay Cutler ,QB,3-Jun,225.0,Miami Dolphins,Vanderbilt,Denver Broncos,1.0,11.0,2006.0,QB,2017,H,12595.9,84,124,788,83.88,7,6,8,65,5,14,0,0,0,0,0,0,0,0,0,53.52,1.4,0.0,0,54.92
14562,Ryan Mallett,QB,6-Jun,240.0,Baltimore Ravens,Arkansas,New England Patriots,3.0,74.0,2011.0,QB,2015,A,10005.5,69,141,686,40.825,2,4,2,15,2,10,1,0,0,0,0,0,0,0,0,29.44,7.0,0.0,0,36.44
14563,Ryan Mallett,QB,6-Jun,240.0,Baltimore Ravens,Arkansas,New England Patriots,3.0,74.0,2011.0,QB,2015,H,9997.75,67,103,650,80.675,3,2,4,17,3,5,0,0,0,0,0,0,0,0,0,36.0,0.5,0.0,0,36.5
14564,Ryan Mallett,QB,6-Jun,240.0,Baltimore Ravens,Arkansas,New England Patriots,3.0,74.0,2011.0,QB,2016,A,10437.0,1,2,12,29.2,0,1,0,0,0,0,0,0,0,0,0,0,0,0,0,-1.52,0.0,0.0,0,-1.52
14565,Ryan Mallett,QB,6-Jun,240.0,Baltimore Ravens,Arkansas,New England Patriots,3.0,74.0,2011.0,QB,2016,H,10391.66667,2,4,14,48.86666667,0,0,0,0,5,-6,0,0,0,0,0,0,0,0,0,0.56,-0.6,0.0,0,-0.04
14566,Ryan Mallett,QB,6-Jun,240.0,Baltimore Ravens,Arkansas,New England Patriots,3.0,74.0,2011.0,QB,2017,A,10703.25,6,9,36,111.3,1,0,0,0,0,0,0,0,0,0,0,0,0,0,0,7.44,0.0,0.0,0,7.44
14567,Ryan Mallett,QB,6-Jun,240.0,Baltimore Ravens,Arkansas,New England Patriots,3.0,74.0,2011.0,QB,2017,H,10735.25,3,7,20,89.9,1,0,0,0,4,-3,0,0,0,0,0,0,0,0,0,6.8,-0.3,0.0,0,6.5
15755,Dak Prescott ,QB,2-Jun,226.0,Dallas Cowboys,Mississippi St.,Dallas Cowboys,4.0,135.0,2016.0,QB,2016,A,8503.0,139,211,1691,102.0,12,3,16,91,19,82,1,0,0,0,0,0,0,0,0,117.64,14.2,0.0,0,131.84
15756,Dak Prescott ,QB,2-Jun,226.0,Dallas Cowboys,Mississippi St.,Dallas Cowboys,4.0,135.0,2016.0,QB,2016,H,8507.527778,196,286,2278,108.5888889,14,2,11,63,40,213,5,0,0,0,0,0,0,0,0,160.12,51.3,0.0,0,211.42
15757,Dak Prescott ,QB,2-Jun,226.0,Dallas Cowboys,Mississippi St.,Dallas Cowboys,4.0,135.0,2016.0,QB,2017,A,8844.2,93,145,974,101.72,7,2,13,74,19,124,3,0,0,0,0,0,0,0,0,63.96,30.4,0.0,0,94.36
15758,Dak Prescott ,QB,2-Jun,226.0,Dallas Cowboys,Mississippi St.,Dallas Cowboys,4.0,135.0,2016.0,QB,2017,H,8856.142856999999,139,224,1446,82.95714286,11,7,12,69,20,151,2,0,0,0,0,0,0,0,0,97.84,27.1,0.0,0,124.94
15811,Carson Palmer,QB,5-Jun,230.0,Arizona Cardinals,USC,Cincinnati Bengals,1.0,1.0,2003.0,QB,2015,A,13107.555559999999,202,320,2640,100.33333329999999,19,9,15,87,14,6,1,0,0,0,0,0,0,0,0,186.6,6.6,0.0,0,193.2
15812,Carson Palmer,QB,5-Jun,230.0,Arizona Cardinals,USC,Cincinnati Bengals,1.0,1.0,2003.0,QB,2015,H,13108.055559999999,188,298,2615,102.3666667,20,8,16,93,11,18,0,0,0,0,0,0,0,0,0,192.6,1.8,0.0,0,194.4
15813,Carson Palmer,QB,5-Jun,230.0,Arizona Cardinals,USC,Cincinnati Bengals,1.0,1.0,2003.0,QB,2016,A,13481.75,160,276,1821,78.98571429,13,11,24,163,6,15,0,0,0,0,0,0,0,0,0,104.84,1.5,0.0,0,106.34
15814,Carson Palmer,QB,5-Jun,230.0,Arizona Cardinals,USC,Cincinnati Bengals,1.0,1.0,2003.0,QB,2016,H,13451.875,204,321,2412,97.65,13,3,16,118,8,23,0,0,0,0,0,0,0,0,0,152.48,2.3,0.0,0,154.78
15815,Carson Palmer,QB,5-Jun,230.0,Arizona Cardinals,USC,Cincinnati Bengals,1.0,1.0,2003.0,QB,2017,A,13790.5,84,146,1013,69.75,3,5,8,57,4,8,0,0,0,0,0,0,0,0,0,40.52,0.8,0.0,0,41.32
15816,Carson Palmer,QB,5-Jun,230.0,Arizona Cardinals,USC,Cincinnati Bengals,1.0,1.0,2003.0,QB,2017,H,13794.916669999999,80,121,965,105.8,6,2,14,93,10,4,0,0,0,0,0,0,0,0,0,56.6,0.4,0.0,0,57.0
15961,Connor Cook,QB,4-Jun,220.0,Oakland Raiders,Michigan St.,Oakland Raiders,4.0,100.0,2016.0,QB,2016,A,8741.75,32,66,311,56.7,2,4,5,29,0,0,0,0,0,0,0,0,0,0,0,11.44,0.0,0.0,0,11.44
16263,Kellen Clemens,QB,2-Jun,224.0,Los Angeles Chargers,Oregon,New York Jets,2.0,49.0,2006.0,QB,2015,A,11801.0,5,6,63,150.0,1,0,0,0,0,0,0,0,0,0,0,0,0,0,0,8.52,0.0,0.0,0,8.52
16264,Kellen Clemens,QB,2-Jun,224.0,Los Angeles Chargers,Oregon,New York Jets,2.0,49.0,2006.0,QB,2015,H,11885.0,0,0,0,0.0,0,0,0,0,1,-1,0,0,0,0,0,0,0,0,0,0.0,-0.1,0.0,0,-0.1
16265,Kellen Clemens,QB,2-Jun,224.0,Los Angeles Chargers,Oregon,New York Jets,2.0,49.0,2006.0,QB,2016,A,12222.85,0,0,0,0.0,0,0,0,0,0,0,0,0,0,0,0,0,0,0,0,0.0,0.0,0.0,0,0.0
16266,Kellen Clemens,QB,2-Jun,224.0,Los Angeles Chargers,Oregon,New York Jets,2.0,49.0,2006.0,QB,2016,H,12214.82143,0,1,0,5.657142857,0,0,0,0,2,-1,0,0,0,0,0,0,0,0,0,0.0,-0.1,0.0,0,-0.1
16267,Kellen Clemens,QB,2-Jun,224.0,Los Angeles Chargers,Oregon,New York Jets,2.0,49.0,2006.0,QB,2017,A,12583.0,0,0,0,0.0,0,0,0,0,0,0,0,0,0,0,0,0,0,0,0,0.0,0.0,0.0,0,0.0
16268,Kellen Clemens,QB,2-Jun,224.0,Los Angeles Chargers,Oregon,New York Jets,2.0,49.0,2006.0,QB,2017,H,12584.5,5,5,33,94.2,0,0,0,0,3,-3,0,0,0,0,0,0,0,0,0,1.32,-0.3,0.0,0,1.02
17127,Shaun Hill,QB,5-Jun,210.0,,Maryland,,,,,QB,2015,H,13107.75,2,7,15,27.33333333,0,0,1,11,4,-5,0,0,0,0,0,0,0,0,0,-0.4,-0.5,0.0,0,-0.9
17128,Shaun Hill,QB,5-Jun,210.0,,Maryland,,,,,QB,2016,A,13395.0,18,33,236,77.3,0,0,0,0,2,8,0,0,0,0,0,0,0,0,0,9.44,0.8,0.0,0,10.24
17129,Shaun Hill,QB,5-Jun,210.0,,Maryland,,,,,QB,2016,H,13491.5,1,2,6,65.65,0,0,1,7,3,-3,0,0,0,0,0,0,0,0,0,-0.76,-0.3,0.0,0,-1.06
18389,Ryan Tannehill,QB,4-Jun,220.0,Miami Dolphins,Texas A&M;,Miami Dolphins,1.0,8.0,2012.0,QB,2015,A,9957.5,202,314,2242,90.1375,10,5,24,229,17,42,1,1,1,9,0,0,0,0,0,115.68,10.2,1.9,0,127.78
18390,Ryan Tannehill,QB,4-Jun,220.0,Miami Dolphins,Texas A&M;,Miami Dolphins,1.0,8.0,2012.0,QB,2015,H,9977.25,161,272,1966,90.1625,14,7,21,191,15,99,0,0,0,0,0,0,0,0,0,127.64,9.9,0.0,0,137.54
18391,Ryan Tannehill,QB,4-Jun,220.0,Miami Dolphins,Texas A&M;,Miami Dolphins,1.0,8.0,2012.0,QB,2016,A,10313.33333,133,197,1400,88.58333333,8,7,17,115,17,87,1,0,0,0,0,0,0,0,0,73.0,14.7,0.0,0,87.7
18392,Ryan Tannehill,QB,4-Jun,220.0,Miami Dolphins,Texas A&M;,Miami Dolphins,1.0,8.0,2012.0,QB,2016,H,10322.0,128,192,1595,99.2,11,5,12,101,22,77,0,0,0,0,0,0,0,0,0,107.8,7.7,0.0,0,115.5
19612,Eli Manning,QB,4-Jun,218.0,New York Giants,Mississippi,San Diego Chargers,1.0,1.0,2004.0,QB,2015,A,12726.0,188,301,2045,87.2875,19,11,15,100,10,15,0,0,0,0,0,0,0,0,0,158.8,1.5,0.0,0,160.3
19613,Eli Manning,QB,4-Jun,218.0,New York Giants,Mississippi,San Diego Chargers,1.0,1.0,2004.0,QB,2015,H,12727.15625,199,317,2387,97.3125,16,3,12,57,10,46,0,0,0,0,0,0,0,0,0,173.48,4.6,0.0,0,178.08
19614,Eli Manning,QB,4-Jun,218.0,New York Giants,Mississippi,San Diego Chargers,1.0,1.0,2004.0,QB,2016,A,13100.77778,203,345,2087,81.22222222,11,8,11,51,7,7,0,0,0,0,0,0,0,0,0,122.48,0.7,0.0,0,123.18
19615,Eli Manning,QB,4-Jun,218.0,New York Giants,Mississippi,San Diego Chargers,1.0,1.0,2004.0,QB,2016,H,13090.125,197,297,2239,94.225,16,9,12,95,15,-5,0,0,0,0,0,0,0,0,0,155.56,-0.5,0.0,0,155.06
19616,Eli Manning,QB,4-Jun,218.0,New York Giants,Mississippi,San Diego Chargers,1.0,1.0,2004.0,QB,2017,A,13433.5,146,217,1388,87.35,8,4,13,72,6,20,1,0,0,0,0,0,0,0,0,82.52,8.0,0.0,0,90.52
19617,Eli Manning,QB,4-Jun,218.0,New York Giants,Mississippi,San Diego Chargers,1.0,1.0,2004.0,QB,2017,H,13439.8,101,178,1023,77.92,6,3,13,88,2,5,0,0,0,0,0,0,0,0,0,57.92,0.5,0.0,0,58.42
19840,Jacoby Brissett,QB,4-Jun,231.0,Indianapolis Colts,Florida,New England Patriots,3.0,91.0,2016.0,QB,2016,H,8323.5,34,55,400,86.43333333,0,0,6,46,16,83,1,0,0,0,0,0,0,0,0,10.0,14.3,0.0,0,24.3
19841,Jacoby Brissett,QB,4-Jun,231.0,Indianapolis Colts,Florida,New England Patriots,3.0,91.0,2016.0,QB,2017,A,8706.15,84,138,961,93.82,6,2,11,64,10,66,0,0,0,0,0,0,0,0,0,59.44,6.6,0.0,0,66.04
19842,Jacoby Brissett,QB,4-Jun,231.0,Indianapolis Colts,Florida,New England Patriots,3.0,91.0,2016.0,QB,2017,H,8712.25,112,185,1407,85.9,3,3,32,189,31,104,3,0,0,0,0,0,0,0,0,36.28,28.4,0.0,0,64.68
20160,Matt Barkley,QB,3-Jun,227.0,Arizona Cardinals,USC,Philadelphia Eagles,4.0,98.0,2013.0,QB,2016,A,9580.166667,36,61,418,56.56666667,1,4,3,22,1,-1,0,1,1,2,1,0,0,0,0,11.72,-0.1,7.2,0,18.82
20161,Matt Barkley,QB,3-Jun,227.0,Arizona Cardinals,USC,Philadelphia Eagles,4.0,98.0,2013.0,QB,2016,H,9590.25,93,155,1193,78.7,7,10,3,21,6,3,0,0,0,0,0,0,0,0,0,66.72,0.3,0.0,0,67.02
20824,Nathan Peterman ,QB,2-Jun,226.0,Buffalo Bills,Pittsburgh,Buffalo Bills,5.0,171.0,2017.0,QB,2017,A,8599.75,6,14,66,17.9,0,5,0,0,2,4,0,0,0,0,0,0,0,0,0,-7.36,0.4,0.0,0,-6.96
20825,Nathan Peterman ,QB,2-Jun,226.0,Buffalo Bills,Pittsburgh,Buffalo Bills,5.0,171.0,2017.0,QB,2017,H,8592.75,7,10,79,126.7,1,0,0,0,0,0,0,0,0,0,0,0,0,0,0,9.16,0.0,0.0,0,9.16
20921,Brian Hoyer,QB,3-Jun,215.0,New England Patriots,Michigan St.,,,,,QB,2015,A,10976.65,102,180,1214,89.12,11,3,10,64,9,35,0,0,0,0,0,0,0,0,0,98.56,3.5,0.0,0,102.06
20922,Brian Hoyer,QB,3-Jun,215.0,New England Patriots,Michigan St.,,,,,QB,2015,H,10994.85714,137,223,1528,81.11428571,8,8,18,145,7,8,0,0,0,0,0,0,0,0,0,75.12,0.8,0.0,0,75.92
20923,Brian Hoyer,QB,3-Jun,215.0,New England Patriots,Michigan St.,,,,,QB,2016,A,11318.25,67,103,763,88.2,4,0,1,5,3,1,0,0,0,0,0,0,0,0,0,53.52,0.1,0.0,0,53.62
20924,Brian Hoyer,QB,3-Jun,215.0,New England Patriots,Michigan St.,,,,,QB,2016,H,11312.58333,67,97,682,96.86666667,2,0,3,13,4,-3,0,0,0,0,0,0,0,0,0,36.28,-0.3,0.0,0,35.98
20925,Brian Hoyer,QB,3-Jun,215.0,New England Patriots,Michigan St.,,,,,QB,2017,A,11692.20833,75,136,757,61.16666667,2,2,8,61,3,3,0,0,0,0,0,0,0,0,0,30.28,0.3,0.0,0,30.58
20926,Brian Hoyer,QB,3-Jun,215.0,New England Patriots,Michigan St.,,,,,QB,2017,H,11660.25,47,72,525,84.15,2,2,8,51,2,4,1,0,0,0,0,0,0,0,0,21.0,6.4,0.0,0,27.4
21080,Matthew Stafford,QB,2-Jun,230.0,Detroit Lions,Georgia,Detroit Lions,1.0,1.0,2009.0,QB,2015,A,10135.125,201,302,1991,93.825,15,7,19,95,20,39,0,0,0,0,0,0,0,0,0,136.64,3.9,0.0,0,140.54
21081,Matthew Stafford,QB,2-Jun,230.0,Detroit Lions,Georgia,Detroit Lions,1.0,1.0,2009.0,QB,2015,H,10135.875,197,290,2271,101.8875,17,6,25,156,24,120,1,1,1,-6,0,0,0,0,0,155.84,18.0,0.4,0,174.24
21082,Matthew Stafford,QB,2-Jun,230.0,Detroit Lions,Georgia,Detroit Lions,1.0,1.0,2009.0,QB,2016,A,10504.66667,230,352,2476,88.58888889,11,6,18,118,15,84,1,0,0,0,0,0,0,0,0,135.04,14.4,0.0,0,149.44
21083,Matthew Stafford,QB,2-Jun,230.0,Detroit Lions,Georgia,Detroit Lions,1.0,1.0,2009.0,QB,2016,H,10501.375,176,274,2056,99.0125,13,4,22,121,25,138,1,0,0,0,0,0,0,0,0,130.24,19.8,0.0,0,150.04
21084,Matthew Stafford,QB,2-Jun,230.0,Detroit Lions,Georgia,Detroit Lions,1.0,1.0,2009.0,QB,2017,A,10845.45,106,168,1303,102.74,9,3,18,109,12,27,0,0,0,0,0,0,0,0,0,82.12,2.7,0.0,0,84.82
21085,Matthew Stafford,QB,2-Jun,230.0,Detroit Lions,Georgia,Detroit Lions,1.0,1.0,2009.0,QB,2017,H,10845.25,141,227,1707,98.86666667,12,3,18,89,10,61,0,0,0,0,0,0,0,0,0,116.28,6.1,0.0,0,122.38
22286,Charlie Whitehurst ,QB,4-Jun,220.0,,Clemson,San Diego Chargers,3.0,81.0,2006.0,QB,2015,A,12173.5,15,30,137,37.3,0,1,4,28,2,1,0,0,0,0,0,0,0,0,0,-0.52,0.1,0.0,0,-0.42
22287,Charlie Whitehurst ,QB,4-Jun,220.0,,Clemson,San Diego Chargers,3.0,81.0,2006.0,QB,2015,H,12189.25,1,2,13,70.8,0,0,1,0,0,0,0,0,0,0,0,0,0,0,0,-0.48,0.0,0.0,0,-0.48
22288,Charlie Whitehurst ,QB,4-Jun,220.0,,Clemson,San Diego Chargers,3.0,81.0,2006.0,QB,2016,H,12482.5,14,24,182,78.8,1,1,2,14,2,1,0,0,0,0,0,0,0,0,0,9.28,0.1,0.0,0,9.38
22379,Tom Brady ,QB,4-Jun,225.0,New England Patriots,Michigan,New England Patriots,6.0,199.0,2000.0,QB,2015,A,13992.833330000001,213,345,2568,96.94444444,17,5,26,148,20,29,1,0,0,0,0,0,0,0,0,168.72,8.9,0.0,0,177.62
22380,Tom Brady ,QB,4-Jun,225.0,New England Patriots,Michigan,New England Patriots,6.0,199.0,2000.0,QB,2015,H,13979.72222,244,377,2814,104.4666667,22,4,16,95,23,43,3,1,1,36,0,0,0,0,0,220.56,22.3,4.6,0,247.46
22381,Tom Brady ,QB,4-Jun,225.0,New England Patriots,Michigan,New England Patriots,6.0,199.0,2000.0,QB,2016,A,14351.75,164,254,1973,113.0428571,18,0,8,43,17,55,0,0,0,0,0,0,0,0,0,178.92,5.5,0.0,0,184.42
22382,Tom Brady ,QB,4-Jun,225.0,New England Patriots,Michigan,New England Patriots,6.0,199.0,2000.0,QB,2016,H,14374.60714,177,258,2252,108.72857140000002,15,4,11,62,19,7,0,0,0,0,0,0,0,0,0,161.08,0.7,0.0,0,161.78
22383,Tom Brady ,QB,4-Jun,225.0,New England Patriots,Michigan,New England Patriots,6.0,199.0,2000.0,QB,2016,N,14430.75,43,62,466,95.2,2,1,5,24,1,15,0,0,0,0,0,0,0,0,0,23.64,1.5,0.0,0,25.14
22384,Tom Brady ,QB,4-Jun,225.0,New England Patriots,Michigan,New England Patriots,6.0,199.0,2000.0,QB,2017,A,14688.0,135,188,1613,114.36,12,2,7,39,6,13,0,0,0,0,0,0,0,0,0,125.52,1.3,0.0,0,126.82
22385,Tom Brady ,QB,4-Jun,225.0,New England Patriots,Michigan,New England Patriots,6.0,199.0,2000.0,QB,2017,H,14681.333330000001,144,220,1761,108.58333329999999,14,1,17,105,15,11,0,0,0,0,0,0,0,0,0,135.44,1.1,0.0,0,136.54
22623,Luke McCown,QB,3-Jun,208.0,,Louisiana Tech,Cleveland Browns,4.0,106.0,2004.0,QB,2015,A,12502.5,32,39,335,52.1,0,1,1,0,0,0,0,0,0,0,0,0,0,0,0,10.4,0.0,0.0,0,10.4
22624,Luke McCown,QB,3-Jun,208.0,,Louisiana Tech,Cleveland Browns,4.0,106.0,2004.0,QB,2015,H,12508.75,0,0,0,0.0,0,0,0,0,0,0,0,0,0,0,0,0,0,0,0,0.0,0.0,0.0,0,0.0
22742,Cody Kessler,QB,1-Jun,224.0,Cleveland Browns,USC,Cleveland Browns,3.0,93.0,2016.0,QB,2016,A,8558.15,95,143,976,92.62,4,1,11,69,7,5,0,0,0,0,0,0,0,0,0,50.04,0.5,0.0,0,50.54
22743,Cody Kessler,QB,1-Jun,224.0,Cleveland Browns,USC,Cleveland Browns,3.0,93.0,2016.0,QB,2016,H,8588.25,33,52,404,88.85,2,1,10,71,4,13,0,0,0,0,0,0,0,0,0,16.16,1.3,0.0,0,17.46
22744,Cody Kessler,QB,1-Jun,224.0,Cleveland Browns,USC,Cleveland Browns,3.0,93.0,2016.0,QB,2017,A,8958.0,1,4,5,41.0,0,0,4,31,0,0,0,0,0,0,0,0,0,0,0,-3.8,0.0,0.0,0,-3.8
22745,Cody Kessler,QB,1-Jun,224.0,Cleveland Browns,USC,Cleveland Browns,3.0,93.0,2016.0,QB,2017,H,8930.0,10,19,121,50.5,0,1,2,17,1,-1,0,0,0,0,0,0,0,0,0,0.84,-0.1,0.0,0,0.74
22996,Alex Tanney,QB,4-Jun,220.0,Tennessee Titans,Monmouth,,,,,QB,2015,A,10280.0,10,14,99,114.9,1,0,3,34,0,0,0,0,0,0,0,0,0,0,0,6.96,0.0,0.0,0,6.96
23421,David Fales,QB,2-Jun,212.0,Miami Dolphins,San Jose St.,Chicago Bears,6.0,183.0,2014.0,QB,2016,A,9585.5,2,5,22,53.7,0,0,1,5,1,0,0,0,0,0,0,0,0,0,0,-0.12,0.0,0.0,0,-0.12
23569,Carson Wentz ,QB,5-Jun,237.0,Philadelphia Eagles,North Dakota St.,Philadelphia Eagles,1.0,2.0,2016.0,QB,2016,A,8710.25,197,326,1869,74.3875,7,9,19,113,23,45,1,1,1,7,0,0,0,0,0,79.76,10.5,1.7,0,91.96
23570,Carson Wentz ,QB,5-Jun,237.0,Philadelphia Eagles,North Dakota St.,Philadelphia Eagles,1.0,2.0,2016.0,QB,2016,H,8719.40625,182,281,1913,86.5,9,5,14,100,23,105,1,0,0,0,0,0,0,0,0,106.52,16.5,0.0,0,123.02
23571,Carson Wentz ,QB,5-Jun,237.0,Philadelphia Eagles,North Dakota St.,Philadelphia Eagles,1.0,2.0,2016.0,QB,2017,A,9046.0,98,173,1272,95.5,10,2,12,58,26,113,0,0,0,0,0,0,0,0,0,94.88,11.3,0.0,0,106.18
23572,Carson Wentz ,QB,5-Jun,237.0,Philadelphia Eagles,North Dakota St.,Philadelphia Eagles,1.0,2.0,2016.0,QB,2017,H,9064.5,115,181,1385,109.96666670000002,18,3,12,73,29,140,0,0,0,0,0,0,0,0,0,145.4,14.0,0.0,0,159.4
24196,Jake Rudock,QB,3-Jun,199.0,Detroit Lions,Michigan,Detroit Lions,6.0,191.0,2016.0,QB,2017,H,9035.0,0,0,0,0.0,0,0,0,0,0,0,0,0,0,0,0,0,0,0,0,0.0,0.0,0.0,0,0.0
25696,Terrelle Pryor,QB,6-Jun,240.0,Washington Redskins,Ohio St.,Oakland Raiders,3.0,1.0,2011.0,QB,2015,A,9679.5,0,0,0,0.0,0,0,0,0,1,-1,0,2,0,0,0,0,0,0,0,0.0,-0.1,0.0,0,-0.1
25697,Terrelle Pryor,QB,6-Jun,240.0,Washington Redskins,Ohio St.,Oakland Raiders,3.0,1.0,2011.0,QB,2015,H,9683.0,0,0,0,0.0,0,0,0,0,0,0,0,6,1,42,0,0,0,0,0,0.0,0.0,5.2,0,5.2
25698,Terrelle Pryor,QB,6-Jun,240.0,Washington Redskins,Ohio St.,Oakland Raiders,3.0,1.0,2011.0,QB,2016,A,9992.5,4,6,36,20.05,0,0,1,1,6,18,1,75,43,512,3,0,0,0,0,0.44,7.8,112.2,0,120.44
25699,Terrelle Pryor,QB,6-Jun,240.0,Washington Redskins,Ohio St.,Oakland Raiders,3.0,1.0,2011.0,QB,2016,H,10005.0,1,3,5,5.3,0,0,0,0,2,3,0,65,34,495,1,0,0,0,0,0.2,0.3,89.5,0,90.0
25700,Terrelle Pryor,QB,6-Jun,240.0,Washington Redskins,Ohio St.,Oakland Raiders,3.0,1.0,2011.0,QB,2017,A,10341.0,0,0,0,0.0,0,0,0,0,0,0,0,16,9,132,1,0,0,0,0,0.0,0.0,28.2,0,28.2
25701,Terrelle Pryor,QB,6-Jun,240.0,Washington Redskins,Ohio St.,Oakland Raiders,3.0,1.0,2011.0,QB,2017,H,10341.2,0,0,0,0.0,0,0,0,0,0,0,0,21,11,108,0,0,0,0,0,0.0,0.0,21.8,0,21.8
26862,Michael Vick,QB,Jun-00,215.0,,Virginia Tech,Atlanta Falcons,1.0,1.0,2001.0,QB,2015,A,12884.25,18,32,241,83.1,1,1,5,20,3,22,0,0,0,0,0,0,0,0,0,8.64,2.2,0.0,0,10.84
26863,Michael Vick,QB,Jun-00,215.0,,Virginia Tech,Atlanta Falcons,1.0,1.0,2001.0,QB,2015,H,12882.75,22,34,130,47.16666667,1,0,5,33,17,77,0,0,0,0,0,0,0,0,0,6.2,7.7,0.0,0,13.9
26874,Josh Freeman ,QB,6-Jun,240.0,,Kansas St.,Tampa Bay Buccaneers,1.0,17.0,2009.0,QB,2015,H,10216.75,15,28,149,65.9,1,1,1,7,8,24,0,0,0,0,0,0,0,0,0,8.96,2.4,0.0,0,11.36
27118,Garrett Grayson,QB,2-Jun,215.0,,Colorado St.,New Orleans Saints,3.0,75.0,2015.0,QB,2015,A,8936.0,0,0,0,0.0,0,0,0,0,0,0,0,0,0,0,0,0,0,0,0,0.0,0.0,0.0,0,0.0
27793,Brett Hundley,QB,3-Jun,227.0,Green Bay Packers,UCLA,Green Bay Packers,5.0,147.0,2015.0,QB,2016,A,8577.416667,2,7,17,14.13333333,0,1,0,0,2,14,0,0,0,0,0,0,0,0,0,-1.32,1.4,0.0,0,0.08
27794,Brett Hundley,QB,3-Jun,227.0,Green Bay Packers,UCLA,Green Bay Packers,5.0,147.0,2015.0,QB,2016,H,8586.25,0,3,0,39.6,0,0,0,0,2,-2,0,0,0,0,0,0,0,0,0,0.0,-0.2,0.0,0,-0.2
27795,Brett Hundley,QB,3-Jun,227.0,Green Bay Packers,UCLA,Green Bay Packers,5.0,147.0,2015.0,QB,2017,A,8911.333333,53,84,614,94.86666667,5,3,11,68,4,25,0,0,0,0,0,0,0,0,0,37.56,2.5,0.0,0,40.06
27796,Brett Hundley,QB,3-Jun,227.0,Green Bay Packers,UCLA,Green Bay Packers,5.0,147.0,2015.0,QB,2017,H,8899.75,60,100,571,62.175,0,4,10,69,10,85,2,0,0,0,0,0,0,0,0,4.84,20.5,0.0,0,25.34
28013,Trevone Boykin,QB,Jun-00,213.0,,TCU,,,,,QB,2016,A,8490.75,4,6,42,28.93333333,0,0,1,5,4,7,0,0,0,0,0,0,0,0,0,0.68,0.7,0.0,0,1.38
28014,Trevone Boykin,QB,Jun-00,213.0,,TCU,,,,,QB,2016,H,8476.75,9,12,103,67.96666667,1,1,0,0,4,-6,0,0,0,0,0,0,0,0,0,8.12,-0.6,0.0,0,7.52
28415,Drew Stanton,QB,3-Jun,236.0,Arizona Cardinals,Michigan St.,Detroit Lions,2.0,43.0,2007.0,QB,2015,A,11523.5,2,6,16,42.725,0,0,0,0,8,-8,0,0,0,0,0,0,0,0,0,0.64,-0.8,0.0,0,-0.16
28416,Drew Stanton,QB,3-Jun,236.0,Arizona Cardinals,Michigan St.,Detroit Lions,2.0,43.0,2007.0,QB,2015,H,11528.75,9,19,88,34.1,0,2,2,8,5,-5,0,0,0,0,0,0,0,0,0,-2.48,-0.5,0.0,0,-2.98
28417,Drew Stanton,QB,3-Jun,236.0,Arizona Cardinals,Michigan St.,Detroit Lions,2.0,43.0,2007.0,QB,2016,A,11883.5,13,32,132,46.9,2,1,1,8,2,-2,0,0,0,0,0,0,0,0,0,14.28,-0.2,0.0,0,14.08
28418,Drew Stanton,QB,3-Jun,236.0,Arizona Cardinals,Michigan St.,Detroit Lions,2.0,43.0,2007.0,QB,2016,H,11836.33333,6,16,60,54.36666667,0,2,0,0,1,-1,0,0,0,0,0,0,0,0,0,-1.6,-0.1,0.0,0,-1.7
28419,Drew Stanton,QB,3-Jun,236.0,Arizona Cardinals,Michigan St.,Detroit Lions,2.0,43.0,2007.0,QB,2017,A,12228.25,20,44,267,50.85,2,2,2,6,5,6,0,0,0,0,0,0,0,0,0,16.68,0.6,0.0,0,17.28
28420,Drew Stanton,QB,3-Jun,236.0,Arizona Cardinals,Michigan St.,Detroit Lions,2.0,43.0,2007.0,QB,2017,H,12239.25,24,47,273,75.9,1,0,2,17,1,1,0,0,0,0,0,0,0,0,0,14.92,0.1,0.0,0,15.02
29045,Scott Tolzien,QB,3-Jun,205.0,Indianapolis Colts,Wisconsin,,,,,QB,2015,A,10313.0,1,1,4,41.65,0,0,1,8,1,0,0,0,0,0,0,0,0,0,0,-0.84,0.0,0.0,0,-0.84
29046,Scott Tolzien,QB,3-Jun,205.0,Indianapolis Colts,Wisconsin,,,,,QB,2015,H,10327.0,0,0,0,0.0,0,0,0,0,2,-3,0,0,0,0,0,0,0,0,0,0.0,-0.3,0.0,0,-0.3
29047,Scott Tolzien,QB,3-Jun,205.0,Indianapolis Colts,Wisconsin,,,,,QB,2016,A,10690.75,1,1,11,56.25,0,0,0,0,3,-3,0,0,0,0,0,0,0,0,0,0.44,-0.3,0.0,0,0.14
29048,Scott Tolzien,QB,3-Jun,205.0,Indianapolis Colts,Wisconsin,,,,,QB,2016,H,10673.25,22,36,205,62.8,1,2,3,21,3,6,0,0,0,0,0,0,0,0,0,7.2,0.6,0.0,0,7.8
29049,Scott Tolzien,QB,3-Jun,205.0,Indianapolis Colts,Wisconsin,,,,,QB,2017,A,10963.5,9,18,128,33.8,0,2,4,29,2,2,0,0,0,0,0,0,0,0,0,-2.88,0.2,0.0,0,-2.68
29211,Blake Bortles ,QB,5-Jun,232.0,Jacksonville Jaguars,Central Florida,Jacksonville Jaguars,1.0,3.0,2014.0,QB,2015,A,8599.125,182,304,2341,94.0625,20,9,30,208,19,120,0,0,0,0,0,0,0,0,0,165.64,12.0,0.0,0,177.64
29212,Blake Bortles ,QB,5-Jun,232.0,Jacksonville Jaguars,Central Florida,Jacksonville Jaguars,1.0,3.0,2014.0,QB,2015,H,8590.875,173,302,2087,84.5625,15,9,21,112,33,190,2,0,0,0,0,0,0,0,0,134.48,31.0,0.0,0,165.48
29213,Blake Bortles ,QB,5-Jun,232.0,Jacksonville Jaguars,Central Florida,Jacksonville Jaguars,1.0,3.0,2014.0,QB,2016,A,8964.625,178,306,1910,79.275,13,7,14,71,30,211,1,0,0,0,0,0,0,0,0,126.4,27.1,0.0,0,153.5
29214,Blake Bortles ,QB,5-Jun,232.0,Jacksonville Jaguars,Central Florida,Jacksonville Jaguars,1.0,3.0,2014.0,QB,2016,H,8954.375,190,319,1995,77.325,10,9,20,126,28,148,2,1,1,20,1,0,0,0,0,101.8,26.8,9.0,0,137.6
29215,Blake Bortles ,QB,5-Jun,232.0,Jacksonville Jaguars,Central Florida,Jacksonville Jaguars,1.0,3.0,2014.0,QB,2017,A,9305.916667,88,159,1004,75.13333333,4,3,9,58,22,137,2,0,0,0,0,0,0,0,0,49.16,25.7,0.0,0,74.86
29216,Blake Bortles ,QB,5-Jun,232.0,Jacksonville Jaguars,Central Florida,Jacksonville Jaguars,1.0,3.0,2014.0,QB,2017,H,9301.25,115,189,1240,85.46,8,5,10,43,19,120,0,0,0,0,0,0,0,0,0,77.6,12.0,0.0,0,89.6
29666,Cooper Rush,QB,3-Jun,228.0,Dallas Cowboys,Central Michigan,,,,,QB,2017,A,8735.75,1,2,2,56.2,0,0,0,0,2,13,0,0,0,0,0,0,0,0,0,0.08,1.3,0.0,0,1.38
29667,Cooper Rush,QB,3-Jun,228.0,Dallas Cowboys,Central Michigan,,,,,QB,2017,H,8763.75,0,1,0,39.6,0,0,0,0,0,0,0,0,0,0,0,0,0,0,0,0.0,0.0,0.0,0,0.0
29703,Dan Orlovsky,QB,5-Jun,230.0,,Connecticut,Detroit Lions,5.0,145.0,2005.0,QB,2015,A,11742.0,1,2,10,32.3,0,0,0,0,0,0,0,0,0,0,0,0,0,0,0,0.4,0.0,0.0,0,0.4
29704,Dan Orlovsky,QB,5-Jun,230.0,,Connecticut,Detroit Lions,5.0,145.0,2005.0,QB,2015,H,11742.0,21,38,191,66.9,1,1,0,0,0,0,0,0,0,0,0,0,0,0,0,11.64,0.0,0.0,0,11.64
29896,Philip Rivers,QB,5-Jun,228.0,Los Angeles Chargers,North Carolina St.,New York Giants,1.0,4.0,2004.0,QB,2015,A,12393.21875,218,333,2359,96.8125,15,4,23,138,10,23,0,0,0,0,0,0,0,0,0,153.36,2.3,0.0,0,155.66
29897,Philip Rivers,QB,5-Jun,228.0,Los Angeles Chargers,North Carolina St.,New York Giants,1.0,4.0,2004.0,QB,2015,H,12382.40625,219,328,2433,90.025,14,9,17,126,7,5,0,0,0,0,0,0,0,0,0,146.32,0.5,0.0,0,146.82
29898,Philip Rivers,QB,5-Jun,228.0,Los Angeles Chargers,North Carolina St.,New York Giants,1.0,4.0,2004.0,QB,2016,A,12746.9375,185,311,2366,87.3875,15,11,19,96,5,9,0,0,0,0,0,0,0,0,0,143.64,0.9,0.0,0,144.54
29899,Philip Rivers,QB,5-Jun,228.0,Los Angeles Chargers,North Carolina St.,New York Giants,1.0,4.0,2004.0,QB,2016,H,12755.4375,164,267,2020,92.9375,18,10,17,92,9,26,0,0,0,0,0,0,0,0,0,151.8,2.6,0.0,0,154.4
29900,Philip Rivers,QB,5-Jun,228.0,Los Angeles Chargers,North Carolina St.,New York Giants,1.0,4.0,2004.0,QB,2017,A,13101.41667,133,213,1599,97.83333333,13,4,3,32,13,-5,0,0,0,0,0,0,0,0,0,130.96,-0.5,0.0,0,130.46
29901,Philip Rivers,QB,5-Jun,228.0,Los Angeles Chargers,North Carolina St.,New York Giants,1.0,4.0,2004.0,QB,2017,H,13090.55,108,175,1349,93.3,7,3,9,46,1,0,0,0,0,0,0,0,0,0,0,80.96,0.0,0.0,0,80.96
30584,Andrew Luck ,QB,4-Jun,240.0,Indianapolis Colts,Stanford,Indianapolis Colts,1.0,1.0,2012.0,QB,2015,A,9518.833333,67,126,734,65.7,6,7,7,26,16,76,0,0,0,0,0,0,0,0,0,44.36,7.6,0.0,0,51.96
30585,Andrew Luck ,QB,4-Jun,240.0,Indianapolis Colts,Stanford,Indianapolis Colts,1.0,1.0,2012.0,QB,2015,H,9532.75,95,167,1147,82.575,9,5,8,62,17,120,0,0,0,0,0,0,0,0,0,81.88,12.0,0.0,0,93.88
30586,Andrew Luck ,QB,4-Jun,240.0,Indianapolis Colts,Stanford,Indianapolis Colts,1.0,1.0,2012.0,QB,2016,A,9916.75,181,274,2133,99.8375,16,7,19,122,34,176,2,0,0,0,0,0,0,0,0,148.32,29.6,0.0,0,177.92
30587,Andrew Luck ,QB,4-Jun,240.0,Indianapolis Colts,Stanford,Indianapolis Colts,1.0,1.0,2012.0,QB,2016,H,9912.857143000001,165,271,2107,94.05714286,15,6,22,146,30,165,0,0,0,0,0,0,0,0,0,140.28,16.5,0.0,0,156.78
30674,Marcus Mariota,QB,4-Jun,215.0,Tennessee Titans,Oregon,Tennessee Titans,1.0,2.0,2015.0,QB,2015,A,8041.583333,108,171,1374,100.6333333,10,1,21,160,14,62,1,1,1,41,1,0,0,0,0,91.96,12.2,11.1,0,115.26
30675,Marcus Mariota,QB,4-Jun,215.0,Tennessee Titans,Oregon,Tennessee Titans,1.0,2.0,2015.0,QB,2015,H,8038.541667,122,199,1444,79.98333333,9,9,17,98,20,190,1,0,0,0,0,0,0,0,0,76.76,25.0,0.0,0,101.76
30676,Marcus Mariota,QB,4-Jun,215.0,Tennessee Titans,Oregon,Tennessee Titans,1.0,2.0,2015.0,QB,2016,A,8409.65625,152,248,1772,92.025,13,5,12,68,28,181,2,0,0,0,0,0,0,0,0,126.88,30.1,0.0,0,156.98
30677,Marcus Mariota,QB,4-Jun,215.0,Tennessee Titans,Oregon,Tennessee Titans,1.0,2.0,2015.0,QB,2016,H,8393.857143000001,124,203,1654,100.7142857,13,4,11,88,32,168,0,0,0,0,0,0,0,0,0,125.16,16.8,0.0,0,141.96
30678,Marcus Mariota,QB,4-Jun,215.0,Tennessee Titans,Oregon,Tennessee Titans,1.0,2.0,2015.0,QB,2017,A,8758.65,81,129,1004,69.12,3,9,8,60,19,80,3,0,0,0,0,0,0,0,0,32.16,26.0,0.0,0,58.16
30679,Marcus Mariota,QB,4-Jun,215.0,Tennessee Titans,Oregon,Tennessee Titans,1.0,2.0,2015.0,QB,2017,H,8749.65,112,177,1269,90.98,6,3,9,62,21,110,1,0,0,0,0,0,0,0,0,71.76,17.0,0.0,0,88.76
31577,Alex Smith,QB,4-Jun,212.0,Kansas City Chiefs,Utah,San Francisco 49ers,1.0,1.0,2005.0,QB,2015,A,11514.65,219,330,2427,98.97,11,2,32,172,58,260,1,0,0,0,0,0,0,0,0,127.08,32.0,0.0,0,159.08
31578,Alex Smith,QB,4-Jun,212.0,Kansas City Chiefs,Utah,San Francisco 49ers,1.0,1.0,2005.0,QB,2015,H,11515.25,134,212,1495,88.7375,11,6,17,83,40,309,1,0,0,0,0,0,0,0,0,96.8,36.9,0.0,0,133.7
31579,Alex Smith,QB,4-Jun,212.0,Kansas City Chiefs,Utah,San Francisco 49ers,1.0,1.0,2005.0,QB,2016,A,11871.0,171,263,1756,91.025,7,3,21,81,23,45,1,0,0,0,0,0,0,0,0,85.24,10.5,0.0,0,95.74
31580,Alex Smith,QB,4-Jun,212.0,Kansas City Chiefs,Utah,San Francisco 49ers,1.0,1.0,2005.0,QB,2016,H,11882.875,177,260,1918,91.925,9,6,8,65,27,98,4,1,1,3,0,0,0,0,0,110.72,33.8,1.3,0,145.82
31581,Alex Smith,QB,4-Jun,212.0,Kansas City Chiefs,Utah,San Francisco 49ers,1.0,1.0,2005.0,QB,2017,A,12213.25,150,203,1682,116.43333329999999,14,3,13,70,23,77,0,0,0,0,0,0,0,0,0,132.28,7.7,0.0,0,139.98
31582,Alex Smith,QB,4-Jun,212.0,Kansas City Chiefs,Utah,San Francisco 49ers,1.0,1.0,2005.0,QB,2017,H,12217.45,104,166,1191,92.18,5,1,14,97,24,158,1,0,0,0,0,0,0,0,0,61.64,21.8,0.0,0,83.44
32122,Trevor Siemian,QB,3-Jun,215.0,Denver Broncos,Northwestern,Denver Broncos,7.0,250.0,2015.0,QB,2015,A,8759.75,0,0,0,0.0,0,0,0,0,1,-1,0,0,0,0,0,0,0,0,0,0.0,-0.1,0.0,0,-0.1
32123,Trevor Siemian,QB,3-Jun,215.0,Denver Broncos,Northwestern,Denver Broncos,7.0,250.0,2015.0,QB,2016,A,9080.571429000001,153,263,1668,92.28571429,11,4,18,100,10,11,0,0,0,0,0,0,0,0,0,106.72,1.1,0.0,0,107.82
32124,Trevor Siemian,QB,3-Jun,215.0,Denver Broncos,Northwestern,Denver Broncos,7.0,250.0,2015.0,QB,2016,H,9080.607143000001,136,223,1733,85.05714286,7,6,13,87,18,46,0,0,0,0,0,0,0,0,0,86.32,4.6,0.0,0,90.92
32125,Trevor Siemian,QB,3-Jun,215.0,Denver Broncos,Northwestern,Denver Broncos,7.0,250.0,2015.0,QB,2017,A,9435.0,79,132,813,70.75,3,6,12,47,9,55,0,0,0,0,0,0,0,0,0,26.52,5.5,0.0,0,32.02
32126,Trevor Siemian,QB,3-Jun,215.0,Denver Broncos,Northwestern,Denver Broncos,7.0,250.0,2015.0,QB,2017,H,9405.25,84,136,1005,94.2,8,4,14,119,16,43,1,0,0,0,0,0,0,0,0,66.2,10.3,0.0,0,76.5
32549,Jameis Winston,QB,4-Jun,232.0,Tampa Bay Buccaneers,Florida St.,Tampa Bay Buccaneers,1.0,1.0,2015.0,QB,2015,A,7978.5,165,277,2121,94.1625,13,5,14,82,22,98,3,0,0,0,0,0,0,0,0,138.84,27.8,0.0,0,166.64
32550,Jameis Winston,QB,4-Jun,232.0,Tampa Bay Buccaneers,Florida St.,Tampa Bay Buccaneers,1.0,1.0,2015.0,QB,2015,H,7976.25,147,258,1921,80.375,9,10,13,108,32,115,3,0,0,0,0,0,0,0,0,97.84,29.5,0.0,0,127.34
32551,Jameis Winston,QB,4-Jun,232.0,Tampa Bay Buccaneers,Florida St.,Tampa Bay Buccaneers,1.0,1.0,2015.0,QB,2016,A,8338.75,173,283,2147,88.3125,15,12,15,101,25,60,0,0,0,0,0,0,0,0,0,136.88,6.0,0.0,0,142.88
32552,Jameis Winston,QB,4-Jun,232.0,Tampa Bay Buccaneers,Florida St.,Tampa Bay Buccaneers,1.0,1.0,2015.0,QB,2016,H,8344.5,172,284,1943,87.3875,13,6,20,138,28,105,1,0,0,0,0,0,0,0,0,123.72,16.5,0.0,0,140.22
32553,Jameis Winston,QB,4-Jun,232.0,Tampa Bay Buccaneers,Florida St.,Tampa Bay Buccaneers,1.0,1.0,2015.0,QB,2017,A,8684.5,72,107,840,82.475,5,4,5,30,4,12,0,0,0,0,0,0,0,0,0,50.6,1.2,0.0,0,51.8
32554,Jameis Winston,QB,4-Jun,232.0,Tampa Bay Buccaneers,Florida St.,Tampa Bay Buccaneers,1.0,1.0,2015.0,QB,2017,H,8673.25,87,152,1080,85.1,5,2,8,50,11,39,0,0,0,0,0,0,0,0,0,61.2,3.9,0.0,0,65.1
32711,Ryan Nassib,QB,2-Jun,227.0,,Syracuse,New York Giants,4.0,110.0,2013.0,QB,2015,A,9423.25,5,5,68,158.3,1,0,0,0,0,0,0,0,0,0,0,0,0,0,0,8.72,0.0,0.0,0,8.72
33514,Sam Bradford ,QB,4-Jun,236.0,Minnesota Vikings,Oklahoma,St. Louis Rams,1.0,1.0,2010.0,QB,2015,A,10218.0,160,252,1664,91.8,10,4,14,93,11,14,0,0,0,0,0,0,0,0,0,104.56,1.4,0.0,0,105.96
33515,Sam Bradford ,QB,4-Jun,236.0,Minnesota Vikings,Oklahoma,St. Louis Rams,1.0,1.0,2010.0,QB,2015,H,10231.89286,186,280,2061,84.84285714,9,10,14,107,15,25,0,0,0,0,0,0,0,0,0,102.44,2.5,0.0,0,104.94
33516,Sam Bradford ,QB,4-Jun,236.0,Minnesota Vikings,Oklahoma,St. Louis Rams,1.0,1.0,2010.0,QB,2016,A,10597.14286,185,267,1828,93.68571429,9,3,20,132,9,19,0,0,0,0,0,0,0,0,0,101.12,1.9,0.0,0,103.02
33517,Sam Bradford ,QB,4-Jun,236.0,Minnesota Vikings,Oklahoma,St. Louis Rams,1.0,1.0,2010.0,QB,2016,H,10593.875,210,285,2049,104.8625,11,2,17,144,11,34,0,1,1,5,0,0,0,0,0,126.96,3.4,1.5,0,131.86
33518,Sam Bradford ,QB,4-Jun,236.0,Minnesota Vikings,Oklahoma,St. Louis Rams,1.0,1.0,2010.0,QB,2017,A,10927.25,5,11,36,53.6,0,0,4,35,0,0,0,0,0,0,0,0,0,0,0,-2.56,0.0,0.0,0,-2.56
33519,Sam Bradford ,QB,4-Jun,236.0,Minnesota Vikings,Oklahoma,St. Louis Rams,1.0,1.0,2010.0,QB,2017,H,10899.25,27,32,346,143.0,3,0,1,5,2,-3,0,0,0,0,0,0,0,0,0,30.84,-0.3,0.0,0,30.54
35331,Aaron Rodgers ,QB,2-Jun,223.0,Green Bay Packers,California,Green Bay Packers,1.0,24.0,2005.0,QB,2015,A,11680.275,201,342,2170,89.53,18,5,28,231,31,192,1,0,0,0,0,0,0,0,0,156.8,25.2,0.0,0,182.0
35332,Aaron Rodgers ,QB,2-Jun,223.0,Green Bay Packers,California,Green Bay Packers,1.0,24.0,2005.0,QB,2015,H,11660.9375,191,310,2122,96.525,17,4,20,98,30,172,0,0,0,0,0,0,0,0,0,158.88,17.2,0.0,0,176.08
35333,Aaron Rodgers ,QB,2-Jun,223.0,Green Bay Packers,California,Green Bay Packers,1.0,24.0,2005.0,QB,2016,A,12045.3,256,397,2887,100.4,23,5,26,202,44,314,3,0,0,0,0,0,0,0,0,217.48,49.4,0.0,0,266.88
35334,Aaron Rodgers ,QB,2-Jun,223.0,Green Bay Packers,California,Green Bay Packers,1.0,24.0,2005.0,QB,2016,H,12035.0,225,341,2545,111.51111110000001,26,4,19,123,31,117,1,0,0,0,0,0,0,0,0,230.8,17.7,0.0,0,248.5
35335,Aaron Rodgers ,QB,2-Jun,223.0,Green Bay Packers,California,Green Bay Packers,1.0,24.0,2005.0,QB,2017,A,12358.58333,54,83,582,92.03333333,5,1,7,74,6,40,0,0,0,0,0,0,0,0,0,44.28,4.0,0.0,0,48.28
35336,Aaron Rodgers ,QB,2-Jun,223.0,Green Bay Packers,California,Green Bay Packers,1.0,24.0,2005.0,QB,2017,H,12360.75,74,110,803,79.275,8,2,12,68,12,43,0,0,0,0,0,0,0,0,0,64.12,4.3,0.0,0,68.42
36576,Mitch Trubisky ,QB,2-Jun,222.0,Chicago Bears,North Carolina,Chicago Bears,1.0,2.0,2017.0,QB,2017,A,8475.416667,39,81,424,59.73333333,1,3,8,50,11,97,0,0,0,0,0,0,0,0,0,8.96,9.7,0.0,0,18.66
36577,Mitch Trubisky ,QB,2-Jun,222.0,Chicago Bears,North Carolina,Chicago Bears,1.0,2.0,2017.0,QB,2017,H,8472.75,55,97,711,86.75,3,1,11,61,14,78,0,0,0,0,0,0,0,0,0,33.44,7.8,0.0,0,41.24
37125,Tom Savage ,QB,4-Jun,228.0,Houston Texans,Pittsburgh,Houston Texans,4.0,135.0,2014.0,QB,2016,A,9746.5,5,8,25,67.2,0,0,1,15,2,1,0,0,0,0,0,0,0,0,0,0.0,0.1,0.0,0,0.1
37126,Tom Savage ,QB,4-Jun,228.0,Houston Texans,Pittsburgh,Houston Texans,4.0,135.0,2014.0,QB,2016,H,9735.5,41,65,436,82.25,0,0,4,21,4,11,0,0,0,0,0,0,0,0,0,13.44,1.1,0.0,0,14.54
37127,Tom Savage ,QB,4-Jun,228.0,Houston Texans,Pittsburgh,Houston Texans,4.0,135.0,2014.0,QB,2017,A,10069.25,40,73,473,56.45,1,4,5,42,2,0,0,0,0,0,0,0,0,0,0,11.92,0.0,0.0,0,11.92
37128,Tom Savage ,QB,4-Jun,228.0,Houston Texans,Pittsburgh,Houston Texans,4.0,135.0,2014.0,QB,2017,H,10035.5,48,89,511,57.575,3,1,10,73,1,3,0,0,0,0,0,0,0,0,0,26.44,0.3,0.0,0,26.74
37420,Ryan Lindley,QB,3-Jun,229.0,,San Diego St.,Arizona Cardinals,6.0,185.0,2012.0,QB,2015,H,9711.5,6,10,58,109.6,1,0,0,0,0,0,0,0,0,0,0,0,0,0,0,8.32,0.0,0.0,0,8.32
37999,DeShone Kizer ,QB,4-Jun,233.0,Cleveland Browns,Notre Dame,Cleveland Browns,2.0,52.0,2017.0,QB,2017,A,7960.5,76,146,924,59.3,3,7,7,38,28,166,3,0,0,0,0,0,0,0,0,33.96,34.6,0.0,0,68.56
38000,DeShone Kizer ,QB,4-Jun,233.0,Cleveland Browns,Notre Dame,Cleveland Browns,2.0,52.0,2017.0,QB,2017,H,7955.25,90,167,899,53.83333333,2,7,17,114,26,96,2,0,0,0,0,0,0,0,0,16.96,21.6,0.0,0,38.56
38081,Joe Flacco,QB,6-Jun,232.0,Baltimore Ravens,Pittsburgh,Baltimore Ravens,1.0,18.0,2008.0,QB,2015,A,11218.1,129,203,1285,74.56,6,7,10,69,5,2,0,0,0,0,0,0,0,0,0,63.4,0.2,0.0,0,63.6
38082,Joe Flacco,QB,6-Jun,232.0,Baltimore Ravens,Pittsburgh,Baltimore Ravens,1.0,18.0,2008.0,QB,2015,H,11242.3,137,210,1506,89.14,8,5,6,55,8,21,3,0,0,0,0,0,0,0,0,92.24,20.1,0.0,0,112.34
38083,Joe Flacco,QB,6-Jun,232.0,Baltimore Ravens,Pittsburgh,Baltimore Ravens,1.0,18.0,2008.0,QB,2016,A,11621.375,227,357,2193,75.9375,6,9,14,95,8,21,1,0,0,0,0,0,0,0,0,91.72,8.1,0.0,0,99.82
38084,Joe Flacco,QB,6-Jun,232.0,Baltimore Ravens,Pittsburgh,Baltimore Ravens,1.0,18.0,2008.0,QB,2016,H,11614.75,209,315,2124,91.7625,14,6,19,148,13,37,1,0,0,0,0,0,0,0,0,137.96,9.7,0.0,0,147.66
38085,Joe Flacco,QB,6-Jun,232.0,Baltimore Ravens,Pittsburgh,Baltimore Ravens,1.0,18.0,2008.0,QB,2017,A,11960.0,119,180,1001,72.5,5,6,13,95,7,2,0,0,0,0,0,0,0,0,0,45.04,0.2,0.0,0,45.24
38086,Joe Flacco,QB,6-Jun,232.0,Baltimore Ravens,Pittsburgh,Baltimore Ravens,1.0,18.0,2008.0,QB,2017,H,11962.4,110,171,874,78.22,4,5,10,67,9,52,0,0,0,0,0,0,0,0,0,38.96,5.2,0.0,0,44.16
38591,Austin Davis ,QB,2-Jun,221.0,Seattle Seahawks,Southern Miss,,,,,QB,2015,H,9690.833333,56,94,547,82.06666667,1,3,11,96,7,33,0,0,0,0,0,0,0,0,0,10.88,3.3,0.0,0,14.18
38592,Austin Davis ,QB,2-Jun,221.0,Seattle Seahawks,Southern Miss,,,,,QB,2017,A,10378.0,0,0,0,0.0,0,0,0,0,1,-1,0,0,0,0,0,0,0,0,0,0.0,-0.1,0.0,0,-0.1
38734,Ben Roethlisberger,QB,5-Jun,240.0,Pittsburgh Steelers,Miami (OH),Pittsburgh Steelers,1.0,11.0,2004.0,QB,2015,A,12328.25,202,294,2418,87.2625,6,9,18,134,8,22,0,0,0,-3,0,0,0,0,0,96.72,2.2,-0.3,0,98.62
38735,Ben Roethlisberger,QB,5-Jun,240.0,Pittsburgh Steelers,Miami (OH),Pittsburgh Steelers,1.0,11.0,2004.0,QB,2015,H,12307.75,159,243,2088,107.08333329999999,16,7,8,62,7,7,0,0,0,0,0,0,0,0,0,157.52,0.7,0.0,0,158.22
38736,Ben Roethlisberger,QB,5-Jun,240.0,Pittsburgh Steelers,Miami (OH),Pittsburgh Steelers,1.0,11.0,2004.0,QB,2016,A,12681.3,219,361,2442,80.64,10,10,11,95,16,2,1,0,0,0,0,0,0,0,0,126.68,6.2,0.0,0,132.88
38737,Ben Roethlisberger,QB,5-Jun,240.0,Pittsburgh Steelers,Miami (OH),Pittsburgh Steelers,1.0,11.0,2004.0,QB,2016,H,12672.5,173,244,2112,112.4428571,22,7,8,61,8,23,0,0,0,0,0,0,0,0,0,194.48,2.3,0.0,0,196.78
38738,Ben Roethlisberger,QB,5-Jun,240.0,Pittsburgh Steelers,Miami (OH),Pittsburgh Steelers,1.0,11.0,2004.0,QB,2017,A,13006.08333,117,192,1519,89.16666667,8,5,7,54,12,-2,0,0,0,0,0,0,0,0,0,91.76,-0.2,0.0,0,91.56
38739,Ben Roethlisberger,QB,5-Jun,240.0,Pittsburgh Steelers,Miami (OH),Pittsburgh Steelers,1.0,11.0,2004.0,QB,2017,H,13019.95,133,204,1429,96.36,12,7,8,46,10,31,0,0,0,0,0,0,0,0,0,107.16,3.1,0.0,0,110.26
39016,Nick Foles,QB,5-Jun,244.0,Philadelphia Eagles,Arizona,Philadelphia Eagles,3.0,88.0,2012.0,QB,2015,A,9770.3,92,165,858,69.1,5,7,7,45,5,6,0,0,0,0,0,0,0,0,0,43.32,0.6,0.0,0,43.92
39017,Nick Foles,QB,5-Jun,244.0,Philadelphia Eagles,Arizona,Philadelphia Eagles,3.0,88.0,2012.0,QB,2015,H,9774.5,98,172,1194,78.85,2,3,7,53,12,14,1,0,0,0,0,0,0,0,0,46.76,7.4,0.0,0,54.16
39018,Nick Foles,QB,5-Jun,244.0,Philadelphia Eagles,Arizona,Philadelphia Eagles,3.0,88.0,2012.0,QB,2016,A,10177.25,16,22,223,67.6,2,0,2,16,1,-1,0,0,0,0,0,0,0,0,0,18.92,-0.1,0.0,0,18.82
39019,Nick Foles,QB,5-Jun,244.0,Philadelphia Eagles,Arizona,Philadelphia Eagles,3.0,88.0,2012.0,QB,2016,H,10152.75,20,33,187,86.3,1,0,2,18,3,-3,0,0,0,0,0,0,0,0,0,11.48,-0.3,0.0,0,11.18
39020,Nick Foles,QB,5-Jun,244.0,Philadelphia Eagles,Arizona,Philadelphia Eagles,3.0,88.0,2012.0,QB,2017,H,10520.66667,4,4,56,71.5,0,0,1,8,7,-6,0,0,0,0,0,0,0,0,0,1.24,-0.6,0.0,0,0.64
39395,Tyrod Taylor,QB,Jun-00,221.0,Buffalo Bills,Virginia Tech,Baltimore Ravens,6.0,180.0,2011.0,QB,2015,A,9600.214286,124,210,1571,99.18571429,11,1,17,101,43,279,1,1,1,4,0,0,0,0,0,109.84,33.9,1.4,0,145.14
39396,Tyrod Taylor,QB,Jun-00,221.0,Buffalo Bills,Virginia Tech,Baltimore Ravens,6.0,180.0,2011.0,QB,2015,H,9592.5,118,170,1464,105.27142859999998,9,5,19,111,61,289,3,0,0,0,0,0,0,0,0,83.56,46.9,0.0,0,130.46
39397,Tyrod Taylor,QB,Jun-00,221.0,Buffalo Bills,Virginia Tech,Baltimore Ravens,6.0,180.0,2011.0,QB,2016,A,9943.892856999999,132,212,1348,82.5,5,3,21,105,42,214,3,0,0,0,0,0,0,0,0,56.92,39.4,0.0,0,96.32
39398,Tyrod Taylor,QB,Jun-00,221.0,Buffalo Bills,Virginia Tech,Baltimore Ravens,6.0,180.0,2011.0,QB,2016,H,9959.75,137,224,1675,97.3375,12,3,21,87,53,366,3,0,0,0,0,0,0,0,0,112.0,54.6,0.0,0,166.6
39399,Tyrod Taylor,QB,Jun-00,221.0,Buffalo Bills,Virginia Tech,Baltimore Ravens,6.0,180.0,2011.0,QB,2017,A,10307.66667,112,176,1099,90.83333333,6,1,22,127,35,170,2,0,0,0,0,0,0,0,0,55.96,29.0,0.0,0,84.96
39400,Tyrod Taylor,QB,Jun-00,221.0,Buffalo Bills,Virginia Tech,Baltimore Ravens,6.0,180.0,2011.0,QB,2017,H,10298.6,85,132,926,89.94,6,2,9,35,31,132,1,0,0,0,0,0,0,0,0,60.04,19.2,0.0,0,79.24
39456,Deshaun Watson ,QB,2-Jun,221.0,Houston Texans,Clemson,Houston Texans,1.0,12.0,2017.0,QB,2017,A,8053.833333,56,87,828,91.13333333,6,5,10,71,21,175,1,0,0,0,0,0,0,0,0,49.12,23.5,0.0,0,72.62
39457,Deshaun Watson ,QB,2-Jun,221.0,Houston Texans,Clemson,Houston Texans,1.0,12.0,2017.0,QB,2017,H,8052.4375,70,117,871,102.15,13,3,9,45,15,94,1,0,0,0,0,0,0,0,0,97.84,15.4,0.0,0,113.24
39748,Derek Carr,QB,2-Jun,214.0,Oakland Raiders,Fresno St.,Oakland Raiders,2.0,36.0,2014.0,QB,2015,A,8995.375,158,264,1928,98.175,17,3,14,115,17,26,0,0,0,0,0,0,0,0,0,159.12,2.6,0.0,0,161.72
39749,Derek Carr,QB,2-Jun,214.0,Oakland Raiders,Fresno St.,Oakland Raiders,2.0,36.0,2014.0,QB,2015,H,8988.875,192,309,2059,84.2875,15,10,17,115,16,112,0,0,0,0,0,0,0,0,0,135.36,11.2,0.0,0,146.56
39750,Derek Carr,QB,2-Jun,214.0,Oakland Raiders,Fresno St.,Oakland Raiders,2.0,36.0,2014.0,QB,2016,A,9342.821429000001,169,275,1810,90.68571429,12,2,6,40,18,38,0,0,0,0,0,0,0,0,0,134.4,3.8,0.0,0,138.2
39751,Derek Carr,QB,2-Jun,214.0,Oakland Raiders,Fresno St.,Oakland Raiders,2.0,36.0,2014.0,QB,2016,H,9356.0,188,285,2127,100.825,16,4,10,39,21,32,0,0,0,0,0,0,0,0,0,163.08,3.2,0.0,0,166.28
39752,Derek Carr,QB,2-Jun,214.0,Oakland Raiders,Fresno St.,Oakland Raiders,2.0,36.0,2014.0,QB,2017,A,9690.5,103,160,1136,87.54,6,5,9,51,8,4,0,0,0,0,0,0,0,0,0,62.44,0.4,0.0,0,62.84
39753,Derek Carr,QB,2-Jun,214.0,Oakland Raiders,Fresno St.,Oakland Raiders,2.0,36.0,2014.0,QB,2017,H,9708.1,119,183,1308,101.96,10,3,4,17,5,12,0,0,0,0,0,0,0,0,0,102.32,1.2,0.0,0,103.52
40213,Kirk Cousins,QB,3-Jun,214.0,Washington Redskins,Michigan St.,Washington Redskins,4.0,102.0,2012.0,QB,2015,A,9950.125,187,286,1996,91.825,13,9,14,94,12,15,1,0,0,0,0,0,0,0,0,125.84,7.5,0.0,0,133.34
40214,Kirk Cousins,QB,3-Jun,214.0,Washington Redskins,Michigan St.,Washington Redskins,4.0,102.0,2012.0,QB,2015,H,9943.638889,221,303,2499,112.7777778,17,2,18,151,16,35,5,0,0,0,0,0,0,0,0,179.96,33.5,0.0,0,213.46
40215,Kirk Cousins,QB,3-Jun,214.0,Washington Redskins,Michigan St.,Washington Redskins,4.0,102.0,2012.0,QB,2016,A,10310.75,212,311,2539,101.7875,13,4,10,86,22,46,4,0,0,0,0,0,0,0,0,161.56,28.6,0.0,0,190.16
40216,Kirk Cousins,QB,3-Jun,214.0,Washington Redskins,Michigan St.,Washington Redskins,4.0,102.0,2012.0,QB,2016,H,10301.0,194,295,2378,95.9875,12,8,13,104,12,50,0,0,0,0,0,0,0,0,0,138.12,5.0,0.0,0,143.12
40217,Kirk Cousins,QB,3-Jun,214.0,Washington Redskins,Michigan St.,Washington Redskins,4.0,102.0,2012.0,QB,2017,A,10653.85,105,154,1271,109.86,9,1,14,133,19,78,0,0,0,0,0,0,0,0,0,88.84,7.8,0.0,0,96.64
40218,Kirk Cousins,QB,3-Jun,214.0,Washington Redskins,Michigan St.,Washington Redskins,4.0,102.0,2012.0,QB,2017,H,10653.41667,144,222,1767,97.0,10,5,17,136,17,67,3,0,0,0,0,0,0,0,0,103.68,24.7,0.0,0,128.38
40400,Landry Jones,QB,4-Jun,225.0,Pittsburgh Steelers,Oklahoma,Pittsburgh Steelers,4.0,115.0,2013.0,QB,2015,A,9740.5,19,38,254,23.0,1,5,3,28,3,-3,0,0,0,0,0,0,0,0,0,3.16,-0.3,0.0,0,2.86
40401,Landry Jones,QB,4-Jun,225.0,Pittsburgh Steelers,Oklahoma,Pittsburgh Steelers,4.0,115.0,2013.0,QB,2015,H,9718.0,15,22,270,86.875,2,0,0,0,2,-2,0,0,0,0,0,0,0,0,0,22.8,-0.2,0.0,0,22.6
40402,Landry Jones,QB,4-Jun,225.0,Pittsburgh Steelers,Oklahoma,Pittsburgh Steelers,4.0,115.0,2013.0,QB,2016,A,10076.25,0,2,0,39.6,0,0,0,0,1,-1,0,0,0,0,0,0,0,0,0,0.0,-0.1,0.0,0,-0.1
40403,Landry Jones,QB,4-Jun,225.0,Pittsburgh Steelers,Oklahoma,Pittsburgh Steelers,4.0,115.0,2013.0,QB,2016,H,10080.08333,53,84,558,29.95,4,2,4,34,5,-3,0,0,0,0,0,0,0,0,0,38.32,-0.3,0.0,0,38.02
40404,Landry Jones,QB,4-Jun,225.0,Pittsburgh Steelers,Oklahoma,Pittsburgh Steelers,4.0,115.0,2013.0,QB,2017,H,10453.0,0,0,0,0.0,0,0,0,0,3,-3,0,0,0,0,0,0,0,0,0,0.0,-0.3,0.0,0,-0.3
40620,Jimmy Clausen,QB,3-Jun,217.0,,Notre Dame,Carolina Panthers,2.0,48.0,2010.0,QB,2015,A,10265.0,9,17,63,30.8,0,0,2,15,3,13,0,0,0,0,0,0,0,0,0,0.52,1.3,0.0,0,1.82
40621,Jimmy Clausen,QB,3-Jun,217.0,,Notre Dame,Carolina Panthers,2.0,48.0,2010.0,QB,2015,H,10284.25,63,108,676,65.73333333,2,4,5,23,8,23,0,0,0,0,0,0,0,0,0,26.04,2.3,0.0,0,28.34
41276,Sean Mannion,QB,6-Jun,229.0,Los Angeles Rams,Oregon St.,St. Louis Rams,3.0,89.0,2015.0,QB,2015,A,8620.75,6,7,31,85.1,0,0,0,0,0,0,0,0,0,0,0,0,0,0,0,1.24,0.0,0.0,0,1.24
41277,Sean Mannion,QB,6-Jun,229.0,Los Angeles Rams,Oregon St.,St. Louis Rams,3.0,89.0,2015.0,QB,2016,H,9019.0,3,6,19,17.4,0,1,0,0,1,-1,0,0,0,0,0,0,0,0,0,-1.24,-0.1,0.0,0,-1.34
41278,Sean Mannion,QB,6-Jun,229.0,Los Angeles Rams,Oregon St.,St. Louis Rams,3.0,89.0,2015.0,QB,2017,A,9327.25,0,0,0,0.0,0,0,0,0,1,-1,0,0,0,0,0,0,0,0,0,0.0,-0.1,0.0,0,-0.1
41279,Sean Mannion,QB,6-Jun,229.0,Los Angeles Rams,Oregon St.,St. Louis Rams,3.0,89.0,2015.0,QB,2017,H,9292.25,1,1,12,58.35,0,0,0,0,4,-8,0,0,0,0,0,0,0,0,0,0.48,-0.8,0.0,0,-0.32
41350,Chase Daniel,QB,Jun-00,218.0,New Orleans Saints,Missouri,,,,,QB,2015,A,10676.25,0,0,0,0.0,0,0,0,0,4,-4,0,0,0,0,0,0,0,0,0,0.0,-0.4,0.0,0,-0.4
41351,Chase Daniel,QB,Jun-00,218.0,New Orleans Saints,Missouri,,,,,QB,2015,H,10617.25,2,2,4,79.2,0,0,0,0,0,0,0,0,0,0,0,0,0,0,0,0.16,0.0,0.0,0,0.16
41352,Chase Daniel,QB,Jun-00,218.0,New Orleans Saints,Missouri,,,,,QB,2016,H,11003.5,1,1,16,59.35,0,0,0,0,0,0,0,0,0,0,0,0,0,0,0,0.64,0.0,0.0,0,0.64
41353,Chase Daniel,QB,Jun-00,218.0,New Orleans Saints,Missouri,,,,,QB,2017,A,11358.75,0,0,0,0.0,0,0,0,0,3,-2,0,0,0,0,0,0,0,0,0,0.0,-0.2,0.0,0,-0.2
42048,Colin Kaepernick,QB,4-Jun,225.0,,Nevada,San Francisco 49ers,2.0,36.0,2011.0,QB,2015,A,10200.25,85,141,826,72.425,4,4,12,68,25,148,1,0,0,0,0,0,0,0,0,37.04,20.8,0.0,0,57.84
42049,Colin Kaepernick,QB,4-Jun,225.0,,Nevada,San Francisco 49ers,2.0,36.0,2011.0,QB,2015,H,10206.2,59,103,789,74.98,2,1,16,98,20,108,0,0,0,0,0,0,0,0,0,25.56,10.8,0.0,0,36.36
42050,Colin Kaepernick,QB,4-Jun,225.0,,Nevada,San Francisco 49ers,2.0,36.0,2011.0,QB,2016,A,10616.20833,108,180,1146,83.15,9,2,19,102,43,290,2,0,0,0,0,0,0,0,0,76.84,41.0,0.0,0,117.84
42051,Colin Kaepernick,QB,4-Jun,225.0,,Nevada,San Francisco 49ers,2.0,36.0,2011.0,QB,2016,H,10601.5,88,151,1095,77.11666667,7,2,17,105,26,178,0,0,0,0,0,0,0,0,0,64.8,17.8,0.0,0,82.6
42631,Kellen Moore,QB,Jun-00,197.0,,Boise St.,,,,,QB,2015,A,10036.75,13,31,186,48.6,0,1,0,0,1,-1,0,0,0,0,0,0,0,0,0,5.44,-0.1,0.0,0,5.34
42632,Kellen Moore,QB,Jun-00,197.0,,Boise St.,,,,,QB,2015,H,10036.25,48,73,593,76.4,4,5,5,23,1,0,0,0,0,0,0,0,0,0,0,32.72,0.0,0.0,0,32.72
42744,Drew Brees,QB,Jun-00,209.0,New Orleans Saints,Purdue,San Diego Chargers,2.0,32.0,2001.0,QB,2015,A,13449.0,191,290,2017,87.91428571,9,6,15,96,12,-7,0,0,0,0,0,0,0,0,0,107.68,-0.7,0.0,0,106.98
42745,Drew Brees,QB,Jun-00,209.0,New Orleans Saints,Purdue,San Diego Chargers,2.0,32.0,2001.0,QB,2015,H,13446.625,237,337,2853,111.0,23,5,16,139,12,21,1,0,0,0,0,0,0,0,0,226.12,8.1,0.0,0,234.22
42746,Drew Brees,QB,Jun-00,209.0,New Orleans Saints,Purdue,San Diego Chargers,2.0,32.0,2001.0,QB,2016,A,13816.0,243,350,2441,94.6125,17,8,15,109,11,-6,0,0,0,0,0,0,0,0,0,168.64,-0.6,0.0,0,168.04
42747,Drew Brees,QB,Jun-00,209.0,New Orleans Saints,Purdue,San Diego Chargers,2.0,32.0,2001.0,QB,2016,H,13807.625,228,323,2767,109.2375,20,7,12,75,12,26,2,0,0,0,0,0,0,0,0,204.68,14.6,0.0,0,219.28
42748,Drew Brees,QB,Jun-00,209.0,New Orleans Saints,Purdue,San Diego Chargers,2.0,32.0,2001.0,QB,2017,A,14153.833330000001,145,202,1540,103.25,8,2,7,51,12,13,2,0,0,0,0,0,0,0,0,98.6,13.3,0.0,0,111.9
42749,Drew Brees,QB,Jun-00,209.0,New Orleans Saints,Purdue,San Diego Chargers,2.0,32.0,2001.0,QB,2017,H,14160.9,121,171,1489,105.44,8,3,6,38,10,3,0,0,0,0,0,0,0,0,0,95.56,0.3,0.0,0,95.86
43035,C.J. Beathard ,QB,2-Jun,219.0,San Francisco 49ers,Iowa,San Francisco 49ers,3.0,104.0,2017.0,QB,2017,A,8733.75,36,72,412,39.66666667,2,3,6,42,7,54,0,0,0,0,0,0,0,0,0,16.48,5.4,0.0,0,21.88
43036,C.J. Beathard ,QB,2-Jun,219.0,San Francisco 49ers,Iowa,San Francisco 49ers,3.0,104.0,2017.0,QB,2017,H,8758.3125,87,152,1018,79.5,2,3,13,99,19,82,3,0,0,0,0,0,0,0,0,33.72,26.2,0.0,0,59.92
43311,Mike Glennon,QB,7-Jun,225.0,Chicago Bears,North Carolina St.,Tampa Bay Buccaneers,3.0,73.0,2013.0,QB,2016,H,9828.5,10,11,75,62.7,1,0,0,0,0,0,0,0,0,0,0,0,0,0,0,9.0,0.0,0.0,0,9.0
43312,Mike Glennon,QB,7-Jun,225.0,Chicago Bears,North Carolina St.,Tampa Bay Buccaneers,3.0,73.0,2013.0,QB,2017,A,10167.75,52,78,519,47.9,2,4,2,24,1,0,0,0,0,0,0,0,0,0,0,22.76,0.0,0.0,0,22.76
43313,Mike Glennon,QB,7-Jun,225.0,Chicago Bears,North Carolina St.,Tampa Bay Buccaneers,3.0,73.0,2013.0,QB,2017,H,10140.75,41,62,314,80.5,2,1,6,54,3,4,0,0,0,0,0,0,0,0,0,16.56,0.4,0.0,0,16.96
43676,Geno Smith,QB,3-Jun,218.0,New York Giants,West Virginia,New York Jets,2.0,39.0,2013.0,QB,2015,A,9153.25,27,42,265,87.9,2,1,3,19,2,34,0,0,0,0,0,0,0,0,0,17.6,3.4,0.0,0,21.0
43677,Geno Smith,QB,3-Jun,218.0,New York Giants,West Virginia,New York Jets,2.0,39.0,2013.0,QB,2016,A,9503.5,4,6,31,39.6,0,1,1,8,1,2,0,0,0,0,0,0,0,0,0,-1.76,0.2,0.0,0,-1.56
43678,Geno Smith,QB,3-Jun,218.0,New York Giants,West Virginia,New York Jets,2.0,39.0,2013.0,QB,2016,H,9509.5,4,8,95,132.8,1,0,2,11,1,7,0,0,0,0,0,0,0,0,0,7.8,0.7,0.0,0,8.5
43679,Geno Smith,QB,3-Jun,218.0,New York Giants,West Virginia,New York Jets,2.0,39.0,2013.0,QB,2017,H,9887.75,0,2,0,39.6,0,0,0,0,1,-1,0,0,0,0,0,0,0,0,0,0.0,-0.1,0.0,0,-0.1
46775,Brandon Weeden,QB,4-Jun,221.0,Tennessee Titans,Oklahoma St.,Cleveland Browns,1.0,22.0,2012.0,QB,2015,A,11714.625,49,75,624,116.95,5,0,5,41,13,29,1,0,0,0,0,0,0,0,0,49.96,8.9,0.0,0,58.86
46776,Brandon Weeden,QB,4-Jun,221.0,Tennessee Titans,Oklahoma St.,Cleveland Browns,1.0,22.0,2012.0,QB,2015,H,11677.75,48,65,419,77.35,0,2,5,36,3,18,0,0,0,0,0,0,0,0,0,7.76,1.8,0.0,0,9.56
46777,Brandon Weeden,QB,4-Jun,221.0,Tennessee Titans,Oklahoma St.,Cleveland Browns,1.0,22.0,2012.0,QB,2017,A,12426.5,0,0,0,0.0,0,0,0,0,0,0,0,0,0,0,0,0,0,0,0,0.0,0.0,0.0,0,0.0
48444,Jimmy Garoppolo,QB,2-Jun,226.0,San Francisco 49ers,East. Illinois,New England Patriots,2.0,62.0,2014.0,QB,2015,A,8785.875,1,4,6,19.8,0,0,0,0,2,-2,0,0,0,0,0,0,0,0,0,0.24,-0.2,0.0,0,0.04
48445,Jimmy Garoppolo,QB,2-Jun,226.0,San Francisco 49ers,East. Illinois,New England Patriots,2.0,62.0,2014.0,QB,2015,H,8754.5,0,0,0,0.0,0,0,0,0,3,-3,0,0,0,0,0,0,0,0,0,0.0,-0.3,0.0,0,-0.3
48446,Jimmy Garoppolo,QB,2-Jun,226.0,San Francisco 49ers,East. Illinois,New England Patriots,2.0,62.0,2014.0,QB,2016,A,9127.0625,24,35,264,46.325,1,0,3,15,7,8,0,1,1,3,0,0,0,0,0,13.56,0.8,1.3,0,15.66
48447,Jimmy Garoppolo,QB,2-Jun,226.0,San Francisco 49ers,East. Illinois,New England Patriots,2.0,62.0,2014.0,QB,2016,H,9135.125,19,28,238,95.8,3,0,0,0,3,-2,0,0,0,0,0,0,0,0,0,27.52,-0.2,0.0,0,27.32
48448,Jimmy Garoppolo,QB,2-Jun,226.0,San Francisco 49ers,East. Illinois,New England Patriots,2.0,62.0,2014.0,QB,2017,H,9520.5,2,2,18,143.7,1,0,0,0,1,4,0,0,0,0,0,0,0,0,0,6.72,0.4,0.0,0,7.12
50418,Teddy Bridgewater,QB,2-Jun,214.0,Minnesota Vikings,Louisville,Minnesota Vikings,1.0,32.0,2014.0,QB,2015,A,8399.25,161,243,1751,85.6625,6,4,27,193,20,86,0,0,0,0,0,0,0,0,0,71.04,8.6,0.0,0,79.64
50419,Teddy Bridgewater,QB,2-Jun,214.0,Minnesota Vikings,Louisville,Minnesota Vikings,1.0,32.0,2014.0,QB,2015,H,8407.972222,148,228,1626,87.71111111,8,5,20,135,27,106,3,0,0,0,0,0,0,0,0,83.04,28.6,0.0,0,111.64
50707,Zach Mettenberger,QB,5-Jun,224.0,,LSU,Tennessee Titans,6.0,178.0,2014.0,QB,2015,A,8889.75,47,72,451,44.275,2,4,10,74,7,4,1,0,0,0,0,0,0,0,0,12.04,6.4,0.0,0,18.44
50708,Zach Mettenberger,QB,5-Jun,224.0,,LSU,Tennessee Titans,6.0,178.0,2014.0,QB,2015,H,8885.666667,54,94,484,71.03333333,2,3,3,24,2,4,0,0,0,0,0,0,0,0,0,22.36,0.4,0.0,0,22.76
51319,Mark Sanchez,QB,2-Jun,225.0,Chicago Bears,USC,New York Jets,1.0,5.0,2009.0,QB,2015,A,10607.25,19,27,199,116.1,2,0,6,40,2,4,0,0,0,0,0,0,0,0,0,13.96,0.4,0.0,0,14.36
51320,Mark Sanchez,QB,2-Jun,225.0,Chicago Bears,USC,New York Jets,1.0,5.0,2009.0,QB,2015,H,10613.75,40,64,417,32.55,2,4,3,14,4,18,0,0,0,0,0,0,0,0,0,17.68,1.8,0.0,0,19.48
51321,Mark Sanchez,QB,2-Jun,225.0,Chicago Bears,USC,New York Jets,1.0,5.0,2009.0,QB,2016,A,10980.875,10,18,93,63.75,0,2,3,25,4,-2,0,0,0,0,0,0,0,0,0,-3.28,-0.2,0.0,0,-3.48
51780,Matt Moore,QB,3-Jun,192.0,Miami Dolphins,Oregon St.,,,,,QB,2015,H,11399.75,1,1,14,118.7,0,0,0,0,3,-2,0,0,0,0,0,0,0,0,0,0.56,-0.2,0.0,0,0.36
51781,Matt Moore,QB,3-Jun,192.0,Miami Dolphins,Oregon St.,,,,,QB,2016,A,11827.66667,57,84,758,103.7333333,7,3,6,36,2,1,0,0,0,0,0,0,0,0,0,60.32,0.1,0.0,0,60.42
51782,Matt Moore,QB,3-Jun,192.0,Miami Dolphins,Oregon St.,,,,,QB,2016,H,11802.66667,27,39,252,61.53333333,2,1,0,0,0,0,0,0,0,0,0,0,0,0,0,20.08,0.0,0.0,0,20.08
51783,Matt Moore,QB,3-Jun,192.0,Miami Dolphins,Oregon St.,,,,,QB,2017,A,12146.75,48,78,391,58.65,1,4,10,86,2,9,0,0,0,0,0,0,0,0,0,3.64,0.9,0.0,0,4.54
51784,Matt Moore,QB,3-Jun,192.0,Miami Dolphins,Oregon St.,,,,,QB,2017,H,12141.25,30,49,470,104.7,3,1,2,9,1,0,0,0,0,0,0,0,0,0,0,32.8,0.0,0.0,0,32.8
51919,Peyton Manning,QB,5-Jun,230.0,,Tennessee,Indianapolis Colts,1.0,1.0,1998.0,QB,2015,A,14445.15,126,206,1417,76.56,8,9,7,48,1,-1,0,0,0,0,0,0,0,0,0,79.68,-0.1,0.0,0,79.58
51920,Peyton Manning,QB,5-Jun,230.0,,Tennessee,Indianapolis Colts,1.0,1.0,1998.0,QB,2015,H,14489.75,110,194,1230,67.21428571,3,8,13,85,10,5,0,0,0,0,0,0,0,0,0,38.2,0.5,0.0,0,38.7
51921,Peyton Manning,QB,5-Jun,230.0,,Tennessee,Indianapolis Colts,1.0,1.0,1998.0,QB,2015,N,14564.75,13,23,141,56.6,0,1,5,37,0,0,0,0,0,0,0,0,0,0,0,-1.36,0.0,0.0,0,-1.36
51977,Matt McGloin ,QB,1-Jun,203.0,,Penn St.,,,,,QB,2015,A,9493.25,0,1,0,39.6,0,0,0,0,0,0,0,0,0,0,0,0,0,0,0,0.0,0.0,0.0,0,0.0
51978,Matt McGloin ,QB,1-Jun,203.0,,Penn St.,,,,,QB,2015,H,9416.25,23,31,142,91.1,2,1,2,20,0,0,0,0,0,0,0,0,0,0,0,13.68,0.0,0.0,0,13.68
51979,Matt McGloin ,QB,1-Jun,203.0,,Penn St.,,,,,QB,2016,A,9891.75,6,11,21,60.0,0,0,0,0,0,0,0,0,0,0,0,0,0,0,0,0.84,0.0,0.0,0,0.84
51980,Matt McGloin ,QB,1-Jun,203.0,,Penn St.,,,,,QB,2016,H,9870.625,2,4,29,68.75,0,0,0,0,3,-3,0,0,0,0,0,0,0,0,0,1.16,-0.3,0.0,0,0.86
52303,Tarvaris Jackson,QB,2-Jun,226.0,,Arkansas,Minnesota Vikings,2.0,64.0,2006.0,QB,2015,A,11928.66667,4,6,37,79.16666667,0,0,1,6,7,-7,0,0,0,0,0,0,0,0,0,0.48,-0.7,0.0,0,-0.22
52304,Tarvaris Jackson,QB,2-Jun,226.0,,Arkansas,Minnesota Vikings,2.0,64.0,2006.0,QB,2015,H,11931.0,0,0,0,0.0,0,0,0,0,1,-1,0,0,0,0,0,0,0,0,0,0.0,-0.1,0.0,0,-0.1
52692,Cam Newton,QB,6-Jun,260.0,Carolina Panthers,Auburn,Carolina Panthers,1.0,1.0,2011.0,QB,2015,A,9681.5,156,257,1781,92.2875,15,4,19,171,79,379,4,0,0,0,0,0,0,0,0,134.24,61.9,0.0,0,196.14
52693,Cam Newton,QB,6-Jun,260.0,Carolina Panthers,Auburn,Carolina Panthers,1.0,1.0,2011.0,QB,2015,H,9691.6,175,288,2552,107.3,23,7,16,134,74,307,8,0,0,0,0,0,0,0,0,210.08,78.7,0.0,0,288.78
52694,Cam Newton,QB,6-Jun,260.0,Carolina Panthers,Auburn,Carolina Panthers,1.0,1.0,2011.0,QB,2015,N,9768.5,18,41,265,55.4,0,1,6,64,6,45,0,0,0,0,0,0,0,0,0,2.6,4.5,0.0,0,7.1
52695,Cam Newton,QB,6-Jun,260.0,Carolina Panthers,Auburn,Carolina Panthers,1.0,1.0,2011.0,QB,2016,A,10044.875,146,267,1871,81.025,11,6,18,142,37,125,3,0,0,0,0,0,0,0,0,110.84,30.5,0.0,0,141.34
52696,Cam Newton,QB,6-Jun,260.0,Carolina Panthers,Auburn,Carolina Panthers,1.0,1.0,2011.0,QB,2016,H,10041.17857,124,243,1638,69.6,8,8,18,135,53,234,2,0,0,0,0,0,0,0,0,79.52,35.4,0.0,0,114.92
52697,Cam Newton,QB,6-Jun,260.0,Carolina Panthers,Auburn,Carolina Panthers,1.0,1.0,2011.0,QB,2017,A,10385.16667,112,181,1375,90.15,9,5,13,73,50,169,2,0,0,0,0,0,0,0,0,86.0,28.9,0.0,0,114.9
52698,Cam Newton,QB,6-Jun,260.0,Carolina Panthers,Auburn,Carolina Panthers,1.0,1.0,2011.0,QB,2017,H,10383.6,99,169,1025,73.5,5,6,13,100,33,295,3,0,0,0,0,0,0,0,0,46.0,47.5,0.0,0,93.5
52867,Colt McCoy,QB,2-Jun,209.0,Washington Redskins,Texas,Cleveland Browns,3.0,85.0,2010.0,QB,2015,A,10347.0,7,11,128,133.9,1,0,1,13,3,-3,0,0,0,0,0,0,0,0,0,10.12,-0.3,0.0,0,9.82
52868,Colt McCoy,QB,2-Jun,209.0,Washington Redskins,Texas,Cleveland Browns,3.0,85.0,2010.0,QB,2017,A,11043.5,0,0,0,0.0,0,0,0,0,0,0,0,0,0,0,0,0,0,0,0,0.0,0.0,0.0,0,0.0
53110,Robert Griffin III,QB,2-Jun,220.0,,Baylor,Washington Redskins,1.0,2.0,2012.0,QB,2016,A,9778.5,58,94,618,76.56666667,2,2,12,82,18,117,1,0,0,0,0,0,0,0,0,20.72,17.7,0.0,0,38.42
53111,Robert Griffin III,QB,2-Jun,220.0,,Baylor,Washington Redskins,1.0,2.0,2012.0,QB,2016,H,9806.0,29,53,268,62.25,0,1,10,56,13,73,1,0,0,0,0,0,0,0,0,-1.28,13.3,0.0,0,12.02
53326,Jared Goff,QB,4-Jun,210.0,Los Angeles Rams,California,Los Angeles Rams,1.0,1.0,2016.0,QB,2016,A,8087.833333,47,89,510,70.7,4,3,11,102,1,-1,0,0,0,0,0,0,0,0,0,27.4,-0.1,0.0,0,27.3
53327,Jared Goff,QB,4-Jun,210.0,Los Angeles Rams,California,Los Angeles Rams,1.0,1.0,2016.0,QB,2016,H,8079.45,65,116,579,47.3,1,4,15,120,7,17,1,0,0,0,0,0,0,0,0,6.16,7.7,0.0,0,13.86
53328,Jared Goff,QB,4-Jun,210.0,Los Angeles Rams,California,Los Angeles Rams,1.0,1.0,2016.0,QB,2017,A,8405.25,91,144,1207,111.34,10,0,6,44,8,15,0,0,0,0,0,0,0,0,0,102.28,1.5,0.0,0,103.78
53329,Jared Goff,QB,4-Jun,210.0,Los Angeles Rams,California,Los Angeles Rams,1.0,1.0,2016.0,QB,2017,H,8402.791667,132,217,1757,91.61666667,8,5,13,89,14,38,1,0,0,0,0,0,0,0,0,95.28,9.8,0.0,0,105.08
53395,Kevin Hogan ,QB,3-Jun,217.0,Cleveland Browns,Stanford,Kansas City Chiefs,5.0,162.0,2016.0,QB,2016,A,8778.0,12,24,100,13.2,0,2,2,10,8,105,1,0,0,0,0,0,0,0,0,-2.0,16.5,0.0,0,14.5
53396,Kevin Hogan ,QB,3-Jun,217.0,Cleveland Browns,Stanford,Kansas City Chiefs,5.0,162.0,2016.0,QB,2016,H,8790.0,2,2,4,39.6,0,0,0,0,0,0,0,0,0,0,0,0,0,0,0,0.16,0.0,0.0,0,0.16
53397,Kevin Hogan ,QB,3-Jun,217.0,Cleveland Browns,Stanford,Kansas City Chiefs,5.0,162.0,2016.0,QB,2017,A,9112.0,25,48,258,57.6,2,4,5,29,6,41,0,0,0,0,0,0,0,0,0,9.32,4.1,0.0,0,13.42
53398,Kevin Hogan ,QB,3-Jun,217.0,Cleveland Browns,Stanford,Kansas City Chiefs,5.0,162.0,2016.0,QB,2017,H,9115.5,21,27,259,105.2,2,1,1,6,4,30,0,0,0,0,0,0,0,0,0,19.36,3.0,0.0,0,22.36
53521,EJ Manuel,QB,5-Jun,237.0,Oakland Raiders,Florida St.,Buffalo Bills,1.0,16.0,2013.0,QB,2015,A,9363.85,24,42,298,15.06,2,2,4,38,11,42,0,0,0,0,0,0,0,0,0,15.92,4.2,0.0,0,20.12
53522,EJ Manuel,QB,5-Jun,237.0,Oakland Raiders,Florida St.,Buffalo Bills,1.0,16.0,2013.0,QB,2015,H,9382.75,28,42,263,40.85,1,1,2,7,6,22,1,0,0,0,0,0,0,0,0,12.52,8.2,0.0,0,20.72
53523,EJ Manuel,QB,5-Jun,237.0,Oakland Raiders,Florida St.,Buffalo Bills,1.0,16.0,2013.0,QB,2016,A,9751.833333,9,20,86,19.16666667,0,0,2,18,2,8,0,0,0,0,0,0,0,0,0,1.44,0.8,0.0,0,2.24
53524,EJ Manuel,QB,5-Jun,237.0,Oakland Raiders,Florida St.,Buffalo Bills,1.0,16.0,2013.0,QB,2016,H,9719.0,2,6,45,70.825,0,0,1,2,6,14,0,0,0,0,0,0,0,0,0,0.8,1.4,0.0,0,2.2
53525,EJ Manuel,QB,5-Jun,237.0,Oakland Raiders,Florida St.,Buffalo Bills,1.0,16.0,2013.0,QB,2017,A,10057.75,11,17,106,57.5,0,1,1,7,0,0,0,0,0,0,0,0,0,0,0,1.24,0.0,0.0,0,1.24
53526,EJ Manuel,QB,5-Jun,237.0,Oakland Raiders,Florida St.,Buffalo Bills,1.0,16.0,2013.0,QB,2017,H,10064.75,13,26,159,82.1,1,0,3,22,2,15,0,0,0,0,0,0,0,0,0,9.36,1.5,0.0,0,10.86
53635,Matt Hasselbeck ,QB,4-Jun,223.0,,Boston Col.,Green Bay Packers,6.0,187.0,1998.0,QB,2015,A,14673.0,83,137,946,80.4,5,4,8,59,9,16,0,0,0,0,0,0,0,0,0,51.84,1.6,0.0,0,53.44
53636,Matt Hasselbeck ,QB,4-Jun,223.0,,Boston Col.,Green Bay Packers,6.0,187.0,1998.0,QB,2015,H,14663.333330000001,73,119,744,85.03333333,4,1,8,42,7,-1,0,0,0,0,0,0,0,0,0,43.76,-0.1,0.0,0,43.66
54240,T.J. Yates,QB,2-Jun,210.0,Houston Texans,North Carolina,Houston Texans,5.0,152.0,2011.0,QB,2015,A,10416.0,11,21,137,68.6,1,1,3,21,3,5,0,0,0,0,0,0,0,0,0,6.48,0.5,0.0,0,6.98
54241,T.J. Yates,QB,2-Jun,210.0,Houston Texans,North Carolina,Houston Texans,5.0,152.0,2011.0,QB,2015,H,10415.5,17,36,233,72.6,2,0,2,12,3,-5,0,0,0,0,0,0,0,0,0,19.32,-0.5,0.0,0,18.82
55912,Logan Thomas,QB,6-Jun,248.0,Buffalo Bills,Virginia Tech,Arizona Cardinals,4.0,120.0,2014.0,QB,2017,A,9601.5,0,0,0,0.0,0,0,0,0,0,0,0,5,3,28,0,0,0,0,0,0.0,0.0,5.8,0,5.8
55913,Logan Thomas,QB,6-Jun,248.0,Buffalo Bills,Virginia Tech,Arizona Cardinals,4.0,120.0,2014.0,QB,2017,H,9601.1,0,0,0,0.0,0,0,0,0,0,0,0,2,2,29,1,0,0,0,0,0.0,0.0,10.9,0,10.9
56849,Paxton Lynch ,QB,7-Jun,244.0,Denver Broncos,Memphis,Denver Broncos,1.0,26.0,2016.0,QB,2016,A,8300.0,26,48,274,77.95,1,0,3,2,5,7,0,0,0,0,0,0,0,0,0,13.96,0.7,0.0,0,14.66
56850,Paxton Lynch ,QB,7-Jun,244.0,Denver Broncos,Memphis,Denver Broncos,1.0,26.0,2016.0,QB,2016,H,8275.5,23,35,223,81.0,1,1,6,40,6,18,0,0,0,0,0,0,0,0,0,6.92,1.8,0.0,0,8.72
56851,Paxton Lynch ,QB,7-Jun,244.0,Denver Broncos,Memphis,Denver Broncos,1.0,26.0,2016.0,QB,2017,A,8687.75,9,14,41,38.4,0,1,4,23,2,17,0,0,0,0,0,0,0,0,0,-4.36,1.7,0.0,0,-2.66
57181,Cardale Jones,QB,5-Jun,250.0,Los Angeles Chargers,Ohio St.,Buffalo Bills,4.0,139.0,2016.0,QB,2016,A,8860.0,6,11,96,46.0,0,1,1,2,1,-1,0,0,0,0,0,0,0,0,0,0.84,-0.1,0.0,0,0.74
