,Unnamed: 0,Unnamed: 0_x,player_id,name,position,height,weight,current_team,birth_date,birth_place,death_date,college,high_school,draft_team,draft_round,draft_position,draft_year,current_salary,hof_induction_year,position_cleaned,Unnamed: 0_y,year,game_location,player_age,passing_attempts,passing_completions,passing_yards,passing_rating,passing_touchdowns,passing_interceptions,passing_sacks,passing_sacks_yards_lost,rushing_attempts,rushing_yards,rushing_touchdowns,receiving_targets,receiving_receptions,receiving_yards,receiving_touchdowns,kick_return_yards,kick_return_touchdowns,punt_return_yards,punt_return_touchdowns,total_passing_fantasy_points,total_rushing_fantasy_points,total_receiving_fantasy_points,total_other_fantasy_points,total_combined_fantasy_points,height_inches
180,180,53,17858,Bilal Powell,RB,5-11,204.0,New York Jets,1988-10-27,"Lakeland, FL",,Louisville,"Lake Gibson, FL",New York Jets,4.0,126.0,2011.0,"3,750,000",,RB,41464,2017,A,10573.05,0,0,0,0.0,0,0,0,0,34,113,0,17,12,91,0,0,0,0,0,0.0,11.3,21.1,0,32.4,71.0
181,181,53,17858,Bilal Powell,RB,5-11,204.0,New York Jets,1988-10-27,"Lakeland, FL",,Louisville,"Lake Gibson, FL",New York Jets,4.0,126.0,2011.0,"3,750,000",,RB,41465,2017,H,10587.95,0,0,0,0.0,0,0,0,0,68,341,2,9,8,67,0,0,0,0,0,0.0,46.1,14.7,0,60.8,71.0
1063,1063,441,10586,Carlos Hyde,RB,6-0,230.0,San Francisco 49ers,1990-09-20,"Naples, FL",,Ohio St.,"Naples, FL",San Francisco 49ers,2.0,57.0,2014.0,"822,047",,RB,24523,2017,A,9879.7,0,0,0,0.0,0,0,0,0,64,256,2,28,18,122,0,0,0,0,0,0.0,37.6,30.2,0,67.8,72.0
1064,1064,441,10586,Carlos Hyde,RB,6-0,230.0,San Francisco 49ers,1990-09-20,"Naples, FL",,Ohio St.,"Naples, FL",San Francisco 49ers,2.0,57.0,2014.0,"822,047",,RB,24524,2017,H,9893.208333333334,0,0,0,0.0,0,0,0,0,93,383,2,45,31,173,0,0,0,0,0,0.0,50.3,48.3,0,98.6,72.0
1520,1520,689,1954,Brandon Bolden,RB,5-11,220.0,New England Patriots,1990-01-26,"Baton Rouge, LA",,Mississippi,"Scolandville Magnet, LA",,,,,"775,000",,RB,4231,2017,A,10128.75,0,0,0,0.0,0,0,0,0,2,1,0,0,0,0,0,0,0,0,0,0.0,0.1,0.0,0,0.1,71.0
1521,1521,689,1954,Brandon Bolden,RB,5-11,220.0,New England Patriots,1990-01-26,"Baton Rouge, LA",,Mississippi,"Scolandville Magnet, LA",,,,,"775,000",,RB,4232,2017,H,10122.083333333334,0,0,0,0.0,0,0,0,0,0,0,0,0,0,0,0,0,0,0,0,0.0,0.0,0.0,0,0.0,71.0
1976,1976,882,4066,Corey Clement,RB,5-10,220.0,Philadelphia Eagles,1994-11-02,,,Wisconsin,,,,,,"465,000",,RB,9472,2017,A,8373.55,0,0,0,0.0,0,0,0,0,18,82,1,0,0,0,0,0,0,0,0,0.0,14.2,0.0,0,14.2,70.0
1977,1977,882,4066,Corey Clement,RB,5-10,220.0,Philadelphia Eagles,1994-11-02,,,Wisconsin,,,,,,"465,000",,RB,9473,2017,H,8392.083333333334,0,0,0,0.0,0,0,0,0,40,177,3,5,4,58,2,35,0,0,0,0.0,35.7,21.8,0,57.5,70.0
2297,2297,1013,18719,Aaron Ripkowski,FB,6-1,255.0,Green Bay Packers,1992-12-20,"Houston, TX",,Oklahoma,"Dayton, TX",Green Bay Packers,6.0,206.0,2015.0,"615,000",,RB,43307,2017,A,9072.0,0,0,0,0.0,0,0,0,0,4,9,0,3,3,14,0,0,0,0,0,0.0,0.9,4.4,0,5.300000000000002,73.0
2298,2298,1013,18719,Aaron Ripkowski,FB,6-1,255.0,Green Bay Packers,1992-12-20,"Houston, TX",,Oklahoma,"Dayton, TX",Green Bay Packers,6.0,206.0,2015.0,"615,000",,RB,43308,2017,H,9063.5,0,0,0,0.0,0,0,0,0,1,4,0,4,3,21,0,0,0,0,0,0.0,0.4,5.1,0,5.5,73.0
2354,2354,1028,3096,Michael Burton,FB,5-11,235.0,Chicago Bears,1992-02-01,"Long Valley, NJ",,Rutgers,"West Morris Central, NJ",Detroit Lions,5.0,168.0,2015.0,"615,000",,RB,6859,2017,A,9389.45,0,0,0,0.0,0,0,0,0,0,0,0,1,1,8,0,0,0,0,0,0.0,0.0,1.8,0,1.8,71.0
2355,2355,1028,3096,Michael Burton,FB,5-11,235.0,Chicago Bears,1992-02-01,"Long Valley, NJ",,Rutgers,"West Morris Central, NJ",Detroit Lions,5.0,168.0,2015.0,"615,000",,RB,6860,2017,H,9388.583333333334,0,0,0,0.0,0,0,0,0,1,7,0,1,0,0,0,0,0,0,0,0.0,0.7,0.0,0,0.7,71.0
3212,3212,1434,6329,Austin Ekeler,RB,5-10,195.0,Los Angeles Chargers,1995-05-17,,,,,,,,,"465,000",,RB,14561,2017,A,8193.166666666666,0,0,0,0.0,0,0,0,0,23,66,0,19,15,199,2,36,0,0,0,0.0,6.6000000000000005,46.9,0,53.5,70.0
3213,3213,1434,6329,Austin Ekeler,RB,5-10,195.0,Los Angeles Chargers,1995-05-17,,,,,,,,,"465,000",,RB,14562,2017,H,8182.3,0,0,0,0.0,0,0,0,0,14,113,2,9,9,53,1,49,0,0,0,0.0,23.3,20.3,0,43.6,70.0
3928,3928,1772,10167,Elijah Hood,RB,6-0,232.0,,1996-01-01,,,North Carolina,,Oakland Raiders,7.0,242.0,2017.0,"273,529",,RB,23718,2017,A,7971.25,0,0,0,0.0,0,0,0,0,0,0,0,0,0,0,0,0,0,0,0,0.0,0.0,0.0,0,0.0,72.0
3978,3978,1834,8259,Corey Grant,RB,5-11,205.0,Jacksonville Jaguars,1991-12-19,"Opelika, AL",,Auburn,"Opelika, AL",,,,,"615,000",,RB,19011,2017,A,9435.916666666666,0,0,0,0.0,0,0,0,0,8,17,0,3,2,23,0,88,0,0,0,0.0,1.7000000000000002,4.3,0,6.0,71.0
3979,3979,1834,8259,Corey Grant,RB,5-11,205.0,Jacksonville Jaguars,1991-12-19,"Opelika, AL",,Auburn,"Opelika, AL",,,,,"615,000",,RB,19012,2017,H,9431.25,0,0,0,0.0,0,0,0,0,12,162,1,1,1,18,0,154,0,6,0,0.0,22.20000000000001,2.8,0,25.0,71.0
4110,4110,1886,5102,Orleans Darkwa,RB,6-0,210.0,New York Giants,1992-02-28,"Nashville, TN",,Tulane,"Ensworth, TN",,,,,"690,000",,RB,11740,2017,A,9362.45,0,0,0,0.0,0,0,0,0,56,253,0,6,6,50,0,0,0,0,0,0.0,25.3,11.0,0,36.3,72.0
4111,4111,1886,5102,Orleans Darkwa,RB,6-0,210.0,New York Giants,1992-02-28,"Nashville, TN",,Tulane,"Ensworth, TN",,,,,"690,000",,RB,11741,2017,H,9366.05,0,0,0,0.0,0,0,0,0,56,266,2,14,9,43,0,0,0,0,0,0.0,38.6,13.3,0,51.9,72.0
4605,4605,2081,23980,Andre Williams,RB,5-11,230.0,Los Angeles Chargers,1992-08-28,"Poughkeepsie, NY",,Boston Col.,"Parkland, PA",New York Giants,4.0,113.0,2014.0,"527,644",,RB,54988,2017,A,9194.25,0,0,0,0.0,0,0,0,0,0,0,0,0,0,0,0,0,0,0,0,0.0,0.0,0.0,0,0.0,71.0
4606,4606,2081,23980,Andre Williams,RB,5-11,230.0,Los Angeles Chargers,1992-08-28,"Poughkeepsie, NY",,Boston Col.,"Parkland, PA",New York Giants,4.0,113.0,2014.0,"527,644",,RB,54989,2017,H,9200.25,0,0,0,0.0,0,0,0,0,2,2,0,0,0,0,0,0,0,0,0,0.0,0.2,0.0,0,0.2,71.0
4936,4936,2229,24148,Kerwynn Williams,RB,5-8,196.0,Arizona Cardinals,1991-06-09,"Las Vegas, NV",,Utah St.,"Valley, NV",Indianapolis Colts,7.0,230.0,2013.0,"690,000",,RB,55387,2017,A,9623.333333333334,0,0,0,0.0,0,0,0,0,20,45,1,7,4,38,0,258,0,43,0,0.0,10.5,7.8000000000000025,0,18.3,68.0
4937,4937,2229,24148,Kerwynn Williams,RB,5-8,196.0,Arizona Cardinals,1991-06-09,"Las Vegas, NV",,Utah St.,"Valley, NV",Indianapolis Colts,7.0,230.0,2013.0,"690,000",,RB,55388,2017,H,9631.1,0,0,0,0.0,0,0,0,0,8,24,0,2,2,20,0,68,0,94,0,0.0,2.4,4.0,0,6.4,68.0
5251,5251,2367,11664,Matt Jones,RB,6-1,235.0,Indianapolis Colts,1993-03-07,"Seffner, FL",,Florida,"Armwood, FL",Washington Redskins,3.0,95.0,2015.0,"542,647",,RB,27633,2017,A,8988.0,0,0,0,0.0,0,0,0,0,4,11,0,0,0,0,0,0,0,0,0,0.0,1.1,0.0,0,1.1,73.0
5252,5252,2367,11664,Matt Jones,RB,6-1,235.0,Indianapolis Colts,1993-03-07,"Seffner, FL",,Florida,"Armwood, FL",Washington Redskins,3.0,95.0,2015.0,"542,647",,RB,27634,2017,H,8967.0,0,0,0,0.0,0,0,0,0,1,3,0,0,0,0,0,0,0,0,0,0.0,0.3,0.0,0,0.3,73.0
5750,5750,2625,8858,C.J. Ham,RB,5-11,235.0,Minnesota Vikings,1993-07-22,,,,,,,,,"465,000",,RB,20332,2017,A,8860.4,0,0,0,0.0,0,0,0,0,3,4,1,2,1,11,0,0,0,0,0,0.0,6.4,2.1,0,8.5,71.0
5751,5751,2625,8858,C.J. Ham,RB,5-11,235.0,Minnesota Vikings,1993-07-22,,,,,,,,,"465,000",,RB,20333,2017,H,8846.5,0,0,0,0.0,0,0,0,0,3,8,0,2,2,24,0,0,0,0,0,0.0,0.8,4.4,0,5.2,71.0
6436,6436,2904,14460,Christian McCaffrey ,RB,5-11,202.0,Carolina Panthers,1996-06-07,"Castle Rock, CO",,Stanford,"Valor Christian, CO",Carolina Panthers,1.0,8.0,2017.0,"465,000",,RB,33351,2017,A,7801.416666666668,0,0,0,0.0,0,0,0,0,40,145,0,41,28,222,1,58,0,84,0,0.0,14.5,56.2,0,70.7,71.0
6437,6437,2904,14460,Christian McCaffrey ,RB,5-11,202.0,Carolina Panthers,1996-06-07,"Castle Rock, CO",,Stanford,"Valor Christian, CO",Carolina Panthers,1.0,8.0,2017.0,"465,000",,RB,33352,2017,H,7799.85,0,0,0,0.0,0,0,0,0,36,123,2,43,31,246,2,0,0,78,0,0.0,24.3,67.6,0,91.9,71.0
6615,6615,3001,600,Alex Armah,FB,6-2,253.0,Carolina Panthers,1994-05-17,,,West Georgia,,Carolina Panthers,6.0,192.0,2017.0,"410,294",,RB,1229,2017,A,8547.083333333334,0,0,0,0.0,0,0,0,0,0,0,0,0,0,0,0,0,0,0,0,0.0,0.0,0.0,0,0.0,74.0
6616,6616,3001,600,Alex Armah,FB,6-2,253.0,Carolina Panthers,1994-05-17,,,West Georgia,,Carolina Panthers,6.0,192.0,2017.0,"410,294",,RB,1230,2017,H,8558.25,0,0,0,0.0,0,0,0,0,0,0,0,0,0,0,0,0,0,0,0,0.0,0.0,0.0,0,0.0,74.0
7071,7071,3129,8152,Frank Gore,RB,5-9,215.0,Indianapolis Colts,1983-05-14,"Coral Gables, FL",,Miami (FL),"Coral Gables, FL",San Francisco 49ers,3.0,65.0,2005.0,"3,500,000",,RB,18753,2017,A,12569.9,0,0,0,0.0,0,0,0,0,65,270,0,15,13,107,0,0,0,0,0,0.0,27.0,23.70000000000001,0,50.7,69.0
7072,7072,3129,8152,Frank Gore,RB,5-9,215.0,Indianapolis Colts,1983-05-14,"Coral Gables, FL",,Miami (FL),"Coral Gables, FL",San Francisco 49ers,3.0,65.0,2005.0,"3,500,000",,RB,18754,2017,H,12576.0,0,0,0,0.0,0,0,0,0,96,301,3,13,7,62,0,0,0,0,0,0.0,48.1,13.2,0,61.3,69.0
7651,7651,3343,1999,Devontae Booker,RB,5-11,212.0,Denver Broncos,1992-05-27,"Sacramento, CA",,Utah,"Grant Union, CA",Denver Broncos,4.0,136.0,2016.0,"540,000",,RB,4339,2017,A,9293.5,0,0,0,0.0,0,0,0,0,20,78,1,12,10,67,0,120,0,0,0,0.0,13.8,16.700000000000006,0,30.5,71.0
7652,7652,3343,1999,Devontae Booker,RB,5-11,212.0,Denver Broncos,1992-05-27,"Sacramento, CA",,Utah,"Grant Union, CA",Denver Broncos,4.0,136.0,2016.0,"540,000",,RB,4340,2017,H,9284.5,0,0,0,0.0,0,0,0,0,26,84,0,13,10,137,0,107,0,0,0,0.0,8.4,23.70000000000001,0,32.1,71.0
7768,7768,3384,13751,Marshawn Lynch ,RB,5-11,215.0,Oakland Raiders,1986-04-22,"Oakland, CA",,California,"Oakland Technical, CA",Buffalo Bills,1.0,12.0,2007.0,"1,350,000",,RB,31621,2017,A,11486.5,0,0,0,0.0,0,0,0,0,47,163,2,6,4,30,0,0,0,0,0,0.0,28.3,7.0,0,35.3,71.0
7769,7769,3384,13751,Marshawn Lynch ,RB,5-11,215.0,Oakland Raiders,1986-04-22,"Oakland, CA",,California,"Oakland Technical, CA",Buffalo Bills,1.0,12.0,2007.0,"1,350,000",,RB,31622,2017,H,11506.416666666664,0,0,0,0.0,0,0,0,0,76,294,3,10,6,67,0,0,0,0,0,0.0,47.40000000000001,12.7,0,60.1,71.0
8924,8924,3953,16086,DeMarco Murray,RB,6-0,214.0,Tennessee Titans,1988-02-12,"Las Vegas, NV",,Oklahoma,"Bishop Gorman, NV",Dallas Cowboys,3.0,71.0,2011.0,"6,250,000",,RB,37641,2017,A,10842.583333333334,0,0,0,0.0,0,0,0,0,68,192,1,23,18,105,0,0,0,0,0,0.0,25.2,28.5,0,53.7,72.0
8925,8925,3953,16086,DeMarco Murray,RB,6-0,214.0,Tennessee Titans,1988-02-12,"Las Vegas, NV",,Oklahoma,"Bishop Gorman, NV",Dallas Cowboys,3.0,71.0,2011.0,"6,250,000",,RB,37642,2017,H,10836.05,0,0,0,0.0,0,0,0,0,61,260,4,14,13,120,1,0,0,0,0,0.0,50.0,31.0,0,81.0,72.0
9202,9202,4065,18654,Theo Riddick,RB,5-10,201.0,Detroit Lions,1991-05-04,"Manville, NJ",,Notre Dame,"Immaculata, NJ",Detroit Lions,6.0,199.0,2013.0,"1,075,000",,RB,43163,2017,A,9663.7,0,0,0,0.0,0,0,0,0,29,78,0,18,14,136,0,0,0,0,0,0.0,7.8000000000000025,27.6,0,35.40000000000001,70.0
9203,9203,4065,18654,Theo Riddick,RB,5-10,201.0,Detroit Lions,1991-05-04,"Manville, NJ",,Notre Dame,"Immaculata, NJ",Detroit Lions,6.0,199.0,2013.0,"1,075,000",,RB,43164,2017,H,9663.5,0,0,0,0.0,0,0,0,0,16,83,0,28,20,156,2,0,0,0,0,0.0,8.3,47.6,0,55.90000000000001,70.0
10368,10368,4537,309,Javorius Allen,RB,6-1,220.0,Baltimore Ravens,1991-08-27,"Tallahassee, FL",,USC,"Lincoln, FL",Baltimore Ravens,4.0,125.0,2015.0,"615,000",,RB,493,2017,A,9545.5,0,0,0,0.0,0,0,0,0,66,208,1,32,25,107,1,0,0,0,0,0.0,26.8,41.7,0,68.5,73.0
10369,10369,4537,309,Javorius Allen,RB,6-1,220.0,Baltimore Ravens,1991-08-27,"Tallahassee, FL",,USC,"Lincoln, FL",Baltimore Ravens,4.0,125.0,2015.0,"615,000",,RB,494,2017,H,9547.9,0,0,0,0.0,0,0,0,0,48,192,1,20,16,93,1,0,0,0,0,0.0,25.2,31.3,0,56.5,73.0
10719,10719,4712,12749,Eddie Lacy,RB,5-11,231.0,Seattle Seahawks,1991-01-01,"Gretna, LA",,Alabama,"Dutchtown, LA",Green Bay Packers,2.0,61.0,2013.0,,,RB,29595,2017,A,9785.25,0,0,0,0.0,0,0,0,0,42,102,0,5,5,33,0,0,0,0,0,0.0,10.2,8.3,0,18.5,71.0
10720,10720,4712,12749,Eddie Lacy,RB,5-11,231.0,Seattle Seahawks,1991-01-01,"Gretna, LA",,Alabama,"Dutchtown, LA",Green Bay Packers,2.0,61.0,2013.0,,,RB,29596,2017,H,9797.75,0,0,0,0.0,0,0,0,0,26,74,0,1,1,14,0,0,0,0,0,0.0,7.4,2.4,0,9.8,71.0
11591,11591,5133,11877,Alvin Kamara,RB,5-10,214.0,New Orleans Saints,1995-07-25,,,Tennessee,,New Orleans Saints,3.0,67.0,2017.0,"465,000",,RB,28106,2017,A,8118.833333333332,0,0,0,0.0,0,0,0,0,40,330,3,39,33,279,2,49,0,0,0,0.0,51.0,72.9,0,123.9,70.0
11592,11592,5133,11877,Alvin Kamara,RB,5-10,214.0,New Orleans Saints,1995-07-25,,,Tennessee,,New Orleans Saints,3.0,67.0,2017.0,"465,000",,RB,28107,2017,H,8125.9,0,0,0,0.0,0,0,0,0,37,216,2,29,22,269,2,71,0,0,0,0.0,33.6,60.9,0,94.5,70.0
12029,12029,5328,17993,Jay Prosch,FB,6-1,254.0,Houston Texans,1992-08-02,"Mobile, AL",,Auburn,"UMS-Wright, AL",Houston Texans,6.0,211.0,2014.0,"690,000",,RB,41706,2017,A,9211.85,0,0,0,0.0,0,0,0,0,0,0,0,0,0,0,0,0,0,0,0,0.0,0.0,0.0,0,0.0,73.0
12030,12030,5328,17993,Jay Prosch,FB,6-1,254.0,Houston Texans,1992-08-02,"Mobile, AL",,Auburn,"UMS-Wright, AL",Houston Texans,6.0,211.0,2014.0,"690,000",,RB,41707,2017,H,9205.25,0,0,0,0.0,0,0,0,0,0,0,0,2,2,19,0,0,0,0,0,0.0,0.0,3.9,0,3.9,73.0
12196,12196,5439,21034,Darren Sproles,RB,5-6,181.0,Philadelphia Eagles,1983-06-20,"Waterloo, IA",,Kansas St.,"Olathe North, KS",San Diego Chargers,4.0,130.0,2005.0,"4,000,000",,RB,48187,2017,A,12504.0,0,0,0,0.0,0,0,0,0,12,50,0,12,7,73,0,0,0,10,0,0.0,5.0,14.3,0,19.3,66.0
12197,12197,5439,21034,Darren Sproles,RB,5-6,181.0,Philadelphia Eagles,1983-06-20,"Waterloo, IA",,Kansas St.,"Olathe North, KS",San Diego Chargers,4.0,130.0,2005.0,"4,000,000",,RB,48188,2017,H,12514.5,0,0,0,0.0,0,0,0,0,3,11,0,0,0,0,0,0,0,0,0,0.0,1.1,0.0,0,1.1,66.0
12412,12412,5551,2677,Malcolm Brown ,RB,5-11,224.0,Los Angeles Rams,1993-05-15,"Biloxi, MS",,Texas,"Steele, TX",,,,,"540,000",,RB,5914,2017,A,8921.333333333334,0,0,0,0.0,0,0,0,0,19,74,0,1,1,14,0,0,0,0,0,0.0,7.4,2.4,0,9.8,71.0
12413,12413,5551,2677,Malcolm Brown ,RB,5-11,224.0,Los Angeles Rams,1993-05-15,"Biloxi, MS",,Texas,"Steele, TX",,,,,"540,000",,RB,5915,2017,H,8903.25,0,0,0,0.0,0,0,0,0,18,64,1,4,4,32,0,0,0,0,0,0.0,12.4,7.2,0,19.6,71.0
13845,13845,6160,22910,Shane Vereen,RB,5-10,200.0,New York Giants,1989-03-02,"Valencia, CA",,California,"Valencia, CA",New England Patriots,2.0,56.0,2011.0,"2,150,000",,RB,52587,2017,A,10453.5,0,0,0,0.0,0,0,0,0,15,52,0,20,17,116,0,63,0,0,0,0.0,5.2,28.6,0,33.8,70.0
13846,13846,6160,22910,Shane Vereen,RB,5-10,200.0,New York Giants,1989-03-02,"Valencia, CA",,California,"Valencia, CA",New England Patriots,2.0,56.0,2011.0,"2,150,000",,RB,52588,2017,H,10459.8,0,1,0,0.0,0,1,0,0,15,63,0,19,16,85,0,89,0,0,0,-2.0,6.3,24.5,0,28.8,70.0
14111,14111,6292,10947,Andy Janovich,FB,6-1,230.0,Denver Broncos,1993-05-23,"Gretna, NE",,Nebraska,"Gretna, NE",Denver Broncos,6.0,176.0,2016.0,"540,000",,RB,25406,2017,A,8923.8,0,0,0,0.0,0,0,0,0,3,9,0,3,2,14,0,0,0,0,0,0.0,0.9,3.4,0,4.300000000000002,73.0
14112,14112,6292,10947,Andy Janovich,FB,6-1,230.0,Denver Broncos,1993-05-23,"Gretna, NE",,Nebraska,"Gretna, NE",Denver Broncos,6.0,176.0,2016.0,"540,000",,RB,25407,2017,H,8908.833333333334,0,0,0,0.0,0,0,0,0,1,3,0,1,0,0,0,10,0,0,0,0.0,0.3,0.0,0,0.3,73.0
14149,14149,6304,3536,Chris Carson,RB,6-0,218.0,Seattle Seahawks,1994-09-16,,,Oklahoma St.,,Seattle Seahawks,7.0,249.0,2017.0,"465,000",,RB,7936,2017,A,8401.625,0,0,0,0.0,0,0,0,0,17,73,0,3,3,28,1,0,0,0,0,0.0,7.3,11.8,0,19.1,72.0
14150,14150,6304,3536,Chris Carson,RB,6-0,218.0,Seattle Seahawks,1994-09-16,,,Oklahoma St.,,Seattle Seahawks,7.0,249.0,2017.0,"465,000",,RB,7937,2017,H,8408.75,0,0,0,0.0,0,0,0,0,32,135,0,5,4,31,0,0,0,0,0,0.0,13.5,7.1000000000000005,0,20.6,72.0
14259,14259,6334,7901,Mike Gillislee ,RB,5-11,208.0,New England Patriots,1990-11-01,"Deland, FL",,Florida,"Deland, FL",Miami Dolphins,5.0,164.0,2013.0,,,RB,18241,2017,A,9831.833333333334,0,0,0,0.0,0,0,0,0,40,165,1,0,0,0,0,0,0,0,0,0.0,22.5,0.0,0,22.5,71.0
14260,14260,6334,7901,Mike Gillislee ,RB,5-11,208.0,New England Patriots,1990-11-01,"Deland, FL",,Florida,"Deland, FL",Miami Dolphins,5.0,164.0,2013.0,,,RB,18242,2017,H,9834.1,0,0,0,0.0,0,0,0,0,58,190,3,0,0,0,0,0,0,0,0,0.0,37.0,0.0,0,37.0,71.0
14441,14441,6382,21291,Jonathan Stewart,RB,5-11,235.0,Carolina Panthers,1987-03-21,"Fort Lewis, WA",,Oregon,"Timberline, WA",Carolina Panthers,1.0,13.0,2008.0,"1,100,000",,RB,48797,2017,A,11166.666666666664,0,0,0,0.0,0,0,0,0,90,262,2,6,5,40,1,0,0,0,0,0.0,38.2,15.0,0,53.2,71.0
14442,14442,6382,21291,Jonathan Stewart,RB,5-11,235.0,Carolina Panthers,1987-03-21,"Fort Lewis, WA",,Oregon,"Timberline, WA",Carolina Panthers,1.0,13.0,2008.0,"1,100,000",,RB,48798,2017,H,11165.1,0,0,0,0.0,0,0,0,0,63,224,0,5,1,4,0,0,0,0,0,0.0,22.4,1.4,0,23.8,71.0
14516,14516,6412,15531,Taquan Mizzell,RB,5-10,197.0,Chicago Bears,1993-10-21,,,Virginia,,,,,,"465,000",,RB,35893,2017,A,8788.0,0,0,0,0.0,0,0,0,0,0,0,0,0,0,0,0,0,0,0,0,0.0,0.0,0.0,0,0.0,70.0
14517,14517,6412,15531,Taquan Mizzell,RB,5-10,197.0,Chicago Bears,1993-10-21,,,Virginia,,,,,,"465,000",,RB,35894,2017,H,8777.5,0,0,0,0.0,0,0,0,0,0,0,0,0,0,0,0,0,0,0,0,0.0,0.0,0.0,0,0.0,70.0
14572,14572,6433,8145,Melvin Gordon,RB,6-1,207.0,Los Angeles Chargers,1993-04-13,"Kenosha, WI",,Wisconsin,"Mary D. Bradford, WI",San Diego Chargers,1.0,15.0,2015.0,"1,404,980",,RB,18717,2017,A,8957.666666666666,0,0,0,0.0,0,0,0,0,114,466,2,39,29,195,4,0,0,0,0,0.0,58.60000000000001,72.5,0,131.1,73.0
14573,14573,6433,8145,Melvin Gordon,RB,6-1,207.0,Los Angeles Chargers,1993-04-13,"Kenosha, WI",,Wisconsin,"Mary D. Bradford, WI",San Diego Chargers,1.0,15.0,2015.0,"1,404,980",,RB,18718,2017,H,8946.8,0,0,0,0.0,0,0,0,0,74,232,3,19,9,78,0,0,0,0,0,0.0,41.2,16.8,0,58.0,73.0
15438,15438,6812,23774,James White ,RB,5-9,204.0,New England Patriots,1992-02-03,"Fort Lauderdale, FL",,Wisconsin,"St. Thomas Aquinas, FL",New England Patriots,4.0,130.0,2014.0,"690,000",,RB,54603,2017,A,9390.25,0,0,0,0.0,0,0,0,0,14,57,0,28,22,175,1,0,0,0,0,0.0,5.7,45.5,0,51.2,69.0
15439,15439,6812,23774,James White ,RB,5-9,204.0,New England Patriots,1992-02-03,"Fort Lauderdale, FL",,Wisconsin,"St. Thomas Aquinas, FL",New England Patriots,4.0,130.0,2014.0,"690,000",,RB,54604,2017,H,9383.583333333334,0,0,0,0.0,0,0,0,0,24,96,0,31,25,203,1,0,0,0,0,0.0,9.6,51.3,0,60.90000000000001,69.0
15453,15453,6833,13799,Marlon Mack,RB,5-11,213.0,Indianapolis Colts,1996-03-07,,,South Florida,,Indianapolis Colts,4.0,143.0,2017.0,"465,000",,RB,31710,2017,A,7892.5,0,0,0,0.0,0,0,0,0,32,98,1,8,4,57,1,35,0,0,0,0.0,15.800000000000002,15.7,0,31.5,71.0
15454,15454,6833,13799,Marlon Mack,RB,5-11,213.0,Indianapolis Colts,1996-03-07,,,South Florida,,Indianapolis Colts,4.0,143.0,2017.0,"465,000",,RB,31711,2017,H,7900.65,0,0,0,0.0,0,0,0,0,31,132,1,14,10,92,0,0,0,0,0,0.0,19.2,19.200000000000006,0,38.40000000000001,71.0
15478,15478,6850,13833,Tre Madden,RB,6-0,223.0,Seattle Seahawks,1993-08-16,,,USC,,,,,,"465,000",,RB,31800,2017,A,8812.0,0,0,0,0.0,0,0,0,0,0,0,0,1,1,-1,0,0,0,0,0,0.0,0.0,0.9,0,0.9,72.0
15479,15479,6850,13833,Tre Madden,RB,6-0,223.0,Seattle Seahawks,1993-08-16,,,USC,,,,,,"465,000",,RB,31801,2017,H,8824.25,0,0,0,0.0,0,0,0,0,0,0,0,1,1,66,0,0,0,0,0,0.0,0.0,7.6,0,7.6,72.0
15840,15840,7024,4285,Alex Collins,RB,5-11,218.0,Baltimore Ravens,1994-08-26,"Fort Lauderdale, FL",,Arkansas,"South Plantation, FL",Seattle Seahawks,5.0,171.0,2016.0,,,RB,9941,2017,A,8457.75,0,0,0,0.0,0,0,0,0,64,259,1,8,5,25,0,0,0,0,0,0.0,31.9,7.5,0,39.4,71.0
15841,15841,7024,4285,Alex Collins,RB,5-11,218.0,Baltimore Ravens,1994-08-26,"Fort Lauderdale, FL",,Arkansas,"South Plantation, FL",Seattle Seahawks,5.0,171.0,2016.0,,,RB,9942,2017,H,8453.15,0,0,0,0.0,0,0,0,0,65,371,1,6,4,27,0,50,0,0,0,0.0,43.1,6.7,0,49.8,71.0
16098,16098,7118,17463,Adrian Peterson,RB,6-2,217.0,Arizona Cardinals,1985-03-21,"Palestine, TX",,Oklahoma,"Palestine, TX",Minnesota Vikings,1.0,7.0,2007.0,"1,000,000",,RB,40579,2017,A,11895.0,0,0,0,0.0,0,0,0,0,81,261,0,12,6,37,0,0,0,0,0,0.0,26.1,9.7,0,35.8,74.0
16099,16099,7118,17463,Adrian Peterson,RB,6-2,217.0,Arizona Cardinals,1985-03-21,"Palestine, TX",,Oklahoma,"Palestine, TX",Minnesota Vikings,1.0,7.0,2007.0,"1,000,000",,RB,40580,2017,H,11905.75,0,0,0,0.0,0,0,0,0,75,268,2,7,5,33,0,0,0,0,0,0.0,38.8,8.3,0,47.1,74.0
16363,16363,7212,16794,Branden Oliver,RB,5-7,208.0,Los Angeles Chargers,1991-05-07,"Miami, FL",,Buffalo,"Southridge, FL",,,,,"750,000",,RB,38878,2017,A,9647.5,0,0,0,0.0,0,0,0,0,7,13,0,1,0,0,0,0,0,0,0,0.0,1.3,0.0,0,1.3,67.0
16364,16364,7212,16794,Branden Oliver,RB,5-7,208.0,Los Angeles Chargers,1991-05-07,"Miami, FL",,Buffalo,"Southridge, FL",,,,,"750,000",,RB,38879,2017,H,9636.5,0,0,0,0.0,0,0,0,0,13,48,0,7,5,20,0,0,0,0,0,0.0,4.8,7.0,0,11.8,67.0
16630,16630,7337,18152,Bobby Rainey,RB,5-8,205.0,,1987-10-16,"Griffin, GA",,West. Kentucky,"Griffin, GA",,,,,,,RB,42034,2017,A,10970.5,0,0,0,0.0,0,0,0,0,1,2,0,5,3,7,0,121,0,22,0,0.0,0.2,3.7,0,3.9,68.0
16631,16631,7337,18152,Bobby Rainey,RB,5-8,205.0,,1987-10-16,"Griffin, GA",,West. Kentucky,"Griffin, GA",,,,,,,RB,42035,2017,H,10961.875,0,0,0,0.0,0,0,0,0,0,0,0,2,2,11,0,217,1,0,0,0.0,0.0,3.1,6,9.1,68.0
17057,17057,7530,23658,Terrance West ,RB,5-10,225.0,Baltimore Ravens,1991-01-28,"Fort Lauderdale, FL",,Towson,"Northwestern, MD",Cleveland Browns,3.0,94.0,2014.0,"1,797,000",,RB,54320,2017,A,9735.5,0,0,0,0.0,0,0,0,0,27,123,1,2,0,0,0,0,0,0,0,0.0,18.3,0.0,0,18.3,70.0
17058,17058,7530,23658,Terrance West ,RB,5-10,225.0,Baltimore Ravens,1991-01-28,"Fort Lauderdale, FL",,Towson,"Northwestern, MD",Cleveland Browns,3.0,94.0,2014.0,"1,797,000",,RB,54321,2017,H,9735.5,0,0,0,0.0,0,0,0,0,12,15,1,2,2,23,0,0,0,0,0,0.0,7.499999999999999,4.3,0,11.8,70.0
17080,17080,7548,15941,Raheem Mostert,RB,5-10,195.0,San Francisco 49ers,1992-04-09,"New Smyrna Beach, FL",,Purdue,"New Smyrna Beach, FL",,,,,"615,000",,RB,37303,2017,A,9313.25,0,0,0,0.0,0,0,0,0,2,19,0,0,0,0,0,0,0,0,0,0.0,1.9,0.0,0,1.9,70.0
17081,17081,7548,15941,Raheem Mostert,RB,5-10,195.0,San Francisco 49ers,1992-04-09,"New Smyrna Beach, FL",,Purdue,"New Smyrna Beach, FL",,,,,"615,000",,RB,37304,2017,H,9326.75,0,0,0,0.0,0,0,0,0,4,11,0,0,0,0,0,83,0,0,0,0.0,1.1,0.0,0,1.1,70.0
18306,18306,8099,7203,Leonard Fournette ,RB,6-0,240.0,Jacksonville Jaguars,1995-01-18,"New Orleans, LA",,LSU,"St. Augustine, LA",Jacksonville Jaguars,1.0,4.0,2017.0,"465,000",,RB,16463,2017,A,8309.7,0,0,0,0.0,0,0,0,0,118,503,3,15,13,110,1,0,0,0,0,0.0,68.3,30.0,0,98.3,72.0
18307,18307,8099,7203,Leonard Fournette ,RB,6-0,240.0,Jacksonville Jaguars,1995-01-18,"New Orleans, LA",,LSU,"St. Augustine, LA",Jacksonville Jaguars,1.0,4.0,2017.0,"465,000",,RB,16464,2017,H,8300.25,0,0,0,0.0,0,0,0,0,69,262,3,15,9,63,0,0,0,0,0,0.0,44.2,15.3,0,59.50000000000001,72.0
18568,18568,8190,13860,Terrence Magee,RB,5-8,214.0,Atlanta Falcons,1993-03-16,"Covington, LA",,LSU,"Franklinton, LA",,,,,"253,232",,RB,31847,2017,A,9015.0,0,0,0,0.0,0,0,0,0,0,0,0,0,0,0,0,0,0,0,0,0.0,0.0,0.0,0,0.0,68.0
18569,18569,8190,13860,Terrence Magee,RB,5-8,214.0,Atlanta Falcons,1993-03-16,"Covington, LA",,LSU,"Franklinton, LA",,,,,"253,232",,RB,31848,2017,H,9021.0,0,0,0,0.0,0,0,0,0,0,0,0,0,0,0,0,0,0,0,0,0.0,0.0,0.0,0,0.0,68.0
18730,18730,8295,23860,Fozzy Whittaker,RB,5-10,202.0,Carolina Panthers,1989-02-02,"Houston, TX",,Texas,"Pearland, TX",,,,,"850,000",,RB,54781,2017,A,10478.5,0,0,0,0.0,0,0,0,0,1,1,0,3,3,34,1,49,0,0,0,0.0,0.1,12.4,0,12.5,70.0
18731,18731,8295,23860,Fozzy Whittaker,RB,5-10,202.0,Carolina Panthers,1989-02-02,"Houston, TX",,Texas,"Pearland, TX",,,,,"850,000",,RB,54782,2017,H,10464.666666666666,0,0,0,0.0,0,0,0,0,3,9,0,0,0,0,0,0,0,0,0,0.0,0.8999999999999999,0.0,0,0.8999999999999999,70.0
18931,18931,8360,11487,Aaron Jones,RB,5-9,208.0,Green Bay Packers,1994-12-02,,,Texas-El Paso,,Green Bay Packers,5.0,182.0,2017.0,"465,000",,RB,27086,2017,A,8350.75,0,0,0,0.0,0,0,0,0,35,178,1,6,3,10,0,0,0,0,0,0.0,23.8,4.0,0,27.8,69.0
18932,18932,8360,11487,Aaron Jones,RB,5-9,208.0,Green Bay Packers,1994-12-02,,,Texas-El Paso,,Green Bay Packers,5.0,182.0,2017.0,"465,000",,RB,27087,2017,H,8350.25,0,0,0,0.0,0,0,0,0,35,192,2,10,5,6,0,0,0,0,0,0.0,31.2,5.6,0,36.8,69.0
19135,19135,8429,5938,Kenyan Drake,RB,6-1,210.0,Miami Dolphins,1994-01-26,"Powder Springs, GA",,Alabama,"Hillgrove, GA",Miami Dolphins,3.0,73.0,2016.0,"595,000",,RB,13568,2017,A,8668.25,0,0,0,0.0,0,0,0,0,24,121,1,9,6,39,1,121,0,0,0,0.0,18.1,15.9,0,34.0,73.0
19136,19136,8429,5938,Kenyan Drake,RB,6-1,210.0,Miami Dolphins,1994-01-26,"Powder Springs, GA",,Alabama,"Hillgrove, GA",Miami Dolphins,3.0,73.0,2016.0,"595,000",,RB,13569,2017,H,8671.15,0,0,0,0.0,0,0,0,0,18,79,0,11,9,50,0,26,0,0,0,0.0,7.9,14.0,0,21.9,73.0
19340,19340,8506,10635,Mark Ingram,RB,5-10,215.0,New Orleans Saints,1989-12-21,"Hackensack, NJ",,Alabama,"Southwestern Academy, MI",New Orleans Saints,1.0,28.0,2011.0,"3,100,000",,RB,24588,2017,A,10161.083333333334,0,0,0,0.0,0,0,0,0,88,385,4,25,17,111,0,0,0,0,0,0.0,62.50000000000001,28.1,0,90.6,70.0
19341,19341,8506,10635,Mark Ingram,RB,5-10,215.0,New Orleans Saints,1989-12-21,"Hackensack, NJ",,Alabama,"Southwestern Academy, MI",New Orleans Saints,1.0,28.0,2011.0,"3,100,000",,RB,24589,2017,H,10168.15,0,0,0,0.0,0,0,0,0,78,452,4,21,19,107,0,0,0,0,0,0.0,69.19999999999999,29.7,0,98.9,70.0
19377,19377,8536,18248,Thomas Rawls,RB,5-10,217.0,Seattle Seahawks,1993-08-03,"Flint, MI",,Central Michigan,"Northern, MI",,,,,"615,000",,RB,42271,2017,A,8848.2,0,0,0,0.0,0,0,0,0,29,83,0,7,5,43,0,0,0,0,0,0.0,8.3,9.3,0,17.6,70.0
19378,19378,8536,18248,Thomas Rawls,RB,5-10,217.0,Seattle Seahawks,1993-08-03,"Flint, MI",,Central Michigan,"Northern, MI",,,,,"615,000",,RB,42272,2017,H,8841.333333333334,0,0,0,0.0,0,0,0,0,20,42,0,3,2,31,0,0,0,0,0,0.0,4.2,5.1,0,9.3,70.0
19586,19586,8632,7176,D.J. Foster ,RB,6-0,195.0,Arizona Cardinals,1993-11-22,"Scottsdale, AZ",,Arizona St.,"Saguaro, AZ",,,,,"508,235",,RB,16417,2017,A,8762.75,0,0,0,0.0,0,0,0,0,0,0,0,2,2,26,0,0,0,0,0,0.0,0.0,4.6,0,4.6,72.0
19587,19587,8632,7176,D.J. Foster ,RB,6-0,195.0,Arizona Cardinals,1993-11-22,"Scottsdale, AZ",,Arizona St.,"Saguaro, AZ",,,,,"508,235",,RB,16418,2017,H,8738.875,0,0,0,0.0,0,0,0,0,1,4,0,4,3,18,0,50,0,0,0,0.0,0.4,4.8,0,5.2,72.0
19749,19749,8698,3772,Jamaal Charles,RB,5-11,199.0,Denver Broncos,1986-12-27,"Port Arthur, TX",,Texas,"Memorial, TX",Kansas City Chiefs,3.0,73.0,2008.0,"900,000",,RB,8836,2017,A,11262.3,0,0,0,0.0,0,0,0,0,26,101,1,13,12,56,0,0,0,0,0,0.0,16.099999999999998,17.599999999999994,0,33.7,71.0
19750,19750,8698,3772,Jamaal Charles,RB,5-11,199.0,Denver Broncos,1986-12-27,"Port Arthur, TX",,Texas,"Memorial, TX",Kansas City Chiefs,3.0,73.0,2008.0,"900,000",,RB,8837,2017,H,11247.333333333336,0,0,0,0.0,0,0,0,0,40,183,0,7,3,22,0,0,0,0,0,0.0,18.3,5.2,0,23.5,71.0
19776,19776,8721,17422,Senorise Perry ,RB,6-0,206.0,Miami Dolphins,1991-09-19,"Summerville, GA",,Louisville,"Chattooga, GA",,,,,"540,000",,RB,40515,2017,A,9527.958333333334,0,0,0,0.0,0,0,0,0,0,0,0,0,0,0,0,87,0,0,0,0.0,0.0,0.0,0,0.0,72.0
19777,19777,8721,17422,Senorise Perry ,RB,6-0,206.0,Miami Dolphins,1991-09-19,"Summerville, GA",,Louisville,"Chattooga, GA",,,,,"540,000",,RB,40516,2017,H,9530.9,0,0,0,0.0,0,0,0,0,0,0,0,0,0,0,0,0,0,0,0,0.0,0.0,0.0,0,0.0,72.0
19867,19867,8787,6249,Trey Edmunds,RB,6-1,223.0,New Orleans Saints,1994-12-30,,,Maryland,,,,,,"465,000",,RB,14382,2017,A,8325.833333333334,0,0,0,0.0,0,0,0,0,9,48,1,0,0,0,0,22,0,0,0,0.0,10.8,0.0,0,10.8,73.0
19868,19868,8787,6249,Trey Edmunds,RB,6-1,223.0,New Orleans Saints,1994-12-30,,,Maryland,,,,,,"465,000",,RB,14383,2017,H,8332.9,0,0,0,0.0,0,0,0,0,0,0,0,0,0,0,0,43,0,0,0,0.0,0.0,0.0,0,0.0,73.0
20207,20207,8925,5565,James Develin,RB,6-3,251.0,New England Patriots,1988-07-23,"West Chester, PA",,Brown,"Boyertown Area, PA",,,,,"800,000",,RB,12736,2017,A,10681.25,0,0,0,0.0,0,0,0,0,0,0,0,4,3,22,0,0,0,0,0,0.0,0.0,5.2,0,5.2,75.0
20208,20208,8925,5565,James Develin,RB,6-3,251.0,New England Patriots,1988-07-23,"West Chester, PA",,Brown,"Boyertown Area, PA",,,,,"800,000",,RB,12737,2017,H,10674.583333333334,0,0,0,0.0,0,0,0,0,0,0,0,3,2,14,0,0,0,0,0,0.0,0.0,3.4,0,3.4,75.0
20307,20307,8958,6521,Tyler Ervin ,RB,5-10,192.0,Houston Texans,1993-10-07,"San Bernadino, CA",,San Jose St.,"Colton, CA",Houston Texans,4.0,119.0,2016.0,"540,000",,RB,14937,2017,A,8747.75,0,0,0,0.0,0,0,0,0,1,4,0,6,4,20,0,69,0,35,0,0.0,0.4,6.0,0,6.4,70.0
20308,20308,8958,6521,Tyler Ervin ,RB,5-10,192.0,Houston Texans,1993-10-07,"San Bernadino, CA",,San Jose St.,"Colton, CA",Houston Texans,4.0,119.0,2016.0,"540,000",,RB,14938,2017,H,8749.25,0,0,0,0.0,0,0,0,0,3,8,0,5,4,18,0,24,0,25,0,0.0,0.8,5.8,0,6.6,70.0
21373,21373,9391,4919,Benny Cunningham,RB,5-10,210.0,Chicago Bears,1990-07-07,"Nashville, TN",,Middle Tenn. St.,"Goodpasture Christian, TN",,,,,"775,000",,RB,11333,2017,A,9971.5,0,0,0,0.0,0,0,0,0,7,25,0,3,2,9,0,63,0,0,0,0.0,2.5,2.9,0,5.4,70.0
21374,21374,9391,4919,Benny Cunningham,RB,5-10,210.0,Chicago Bears,1990-07-07,"Nashville, TN",,Middle Tenn. St.,"Goodpasture Christian, TN",,,,,"775,000",,RB,11334,2017,H,9961.95,0,0,0,0.0,0,0,0,0,2,4,0,13,9,116,1,56,0,0,0,0.0,0.4,26.6,0,27.0,70.0
21552,21552,9457,14725,Darren McFadden,RB,6-2,210.0,,1987-08-27,"North Little Rock, AR",,Arkansas,"Pulaski Oak Grove, AR",Oakland Raiders,1.0,4.0,2008.0,"900,000",,RB,34032,2017,A,11034.5,0,0,0,0.0,0,0,0,0,1,-2,0,0,0,0,0,0,0,0,0,0.0,-0.2,0.0,0,-0.2,74.0
21648,21648,9486,6375,Ezekiel Elliott,RB,6-0,225.0,Dallas Cowboys,1995-07-22,"St. Louis, MO",,Ohio St.,"John Burroughs School, MO",Dallas Cowboys,1.0,4.0,2016.0,"1,584,379",,RB,14644,2017,A,8113.75,0,0,0,0.0,0,0,0,0,90,385,5,14,9,104,1,0,0,0,0,0.0,68.5,25.4,0,93.9,72.0
21649,21649,9486,6375,Ezekiel Elliott,RB,6-0,225.0,Dallas Cowboys,1995-07-22,"St. Louis, MO",,Ohio St.,"John Burroughs School, MO",Dallas Cowboys,1.0,4.0,2016.0,"1,584,379",,RB,14645,2017,H,8111.75,0,0,0,0.0,0,0,0,0,101,398,2,12,10,106,1,0,0,0,0,0.0,51.8,26.6,0,78.39999999999998,72.0
21669,21669,9492,10479,Akeem Hunt,RB,5-9,184.0,Kansas City Chiefs,1993-02-22,"Covington, GA",,Purdue,"Newton, GA",,,,,,,RB,24373,2017,A,9007.4,0,0,0,0.0,0,0,0,0,1,3,0,2,1,1,0,232,0,0,0,0.0,0.3,1.1,0,1.4,69.0
21670,21670,9492,10479,Akeem Hunt,RB,5-9,184.0,Kansas City Chiefs,1993-02-22,"Covington, GA",,Purdue,"Newton, GA",,,,,,,RB,24374,2017,H,9004.2,0,0,0,0.0,0,0,0,0,2,-7,0,2,1,6,0,190,0,0,0,0.0,-0.7,1.6,0,0.9000000000000001,69.0
22654,22654,9845,9588,De'Angelo Henderson,RB,5-7,208.0,Denver Broncos,1992-11-24,,,Coastal Carolina,,Denver Broncos,6.0,203.0,2017.0,"465,000",,RB,22141,2017,A,9070.0,0,0,0,0.0,0,0,0,0,1,1,0,0,0,0,0,0,0,0,0,0.0,0.1,0.0,0,0.1,67.0
22655,22655,9845,9588,De'Angelo Henderson,RB,5-7,208.0,Denver Broncos,1992-11-24,,,Coastal Carolina,,Denver Broncos,6.0,203.0,2017.0,"465,000",,RB,22142,2017,H,9060.0,0,0,0,0.0,0,0,0,0,0,0,0,0,0,0,0,0,0,0,0,0.0,0.0,0.0,0,0.0,67.0
23324,23324,10153,24031,Damien Williams,RB,5-11,211.0,Miami Dolphins,1992-04-03,"San Diego, CA",,Oklahoma,"Mira Mesa, CA",,,,,"1,797,000",,RB,55105,2017,A,9331.75,0,0,0,0.0,0,0,0,0,23,71,0,14,10,53,0,0,0,0,0,0.0,7.1,15.3,0,22.4,71.0
23325,23325,10153,24031,Damien Williams,RB,5-11,211.0,Miami Dolphins,1992-04-03,"San Diego, CA",,Oklahoma,"Mira Mesa, CA",,,,,"1,797,000",,RB,55106,2017,H,9334.65,0,0,0,0.0,0,0,0,0,23,110,0,14,10,102,1,-7,0,0,0,0.0,11.0,26.2,0,37.2,71.0
23757,23757,10493,2330,Matt Breida,RB,5-10,190.0,San Francisco 49ers,1995-02-28,,,Georgia Southern,,,,,,"465,000",,RB,5079,2017,A,8257.5,0,0,0,0.0,0,0,0,0,32,138,0,20,11,83,1,0,0,0,0,0.0,13.8,25.3,0,39.1,70.0
23758,23758,10493,2330,Matt Breida,RB,5-10,190.0,San Francisco 49ers,1995-02-28,,,Georgia Southern,,,,,,"465,000",,RB,5080,2017,H,8271.0,0,0,0,0.0,0,0,0,0,21,93,1,12,7,53,0,0,0,0,0,0.0,15.3,12.3,0,27.6,70.0
24182,24182,10664,421,C.J. Anderson,RB,5-8,224.0,Denver Broncos,1991-02-10,"Vallejo, CA",,California,"Bethel, CA",,,,,"2,900,000",,RB,788,2017,A,9756.3,0,0,0,0.0,0,0,0,0,47,183,0,6,4,31,0,0,0,0,0,0.0,18.3,7.1000000000000005,0,25.4,68.0
24183,24183,10664,421,C.J. Anderson,RB,5-8,224.0,Denver Broncos,1991-02-10,"Vallejo, CA",,California,"Bethel, CA",,,,,"2,900,000",,RB,789,2017,H,9741.333333333334,0,0,0,0.0,0,0,0,0,97,402,2,14,11,80,1,0,0,0,0,0.0,52.2,25.0,0,77.2,68.0
24512,24512,10823,20111,Anthony Sherman,RB,5-11,244.0,Kansas City Chiefs,1988-12-11,"North Attleboro, MA",,Connecticut,"North Attleboro, MA",Arizona Cardinals,5.0,136.0,2011.0,"1,100,000",,RB,46023,2017,A,10534.0,0,0,0,0.0,0,0,0,0,0,0,0,3,2,22,0,0,0,0,0,0.0,0.0,4.2,0,4.2,71.0
24513,24513,10823,20111,Anthony Sherman,RB,5-11,244.0,Kansas City Chiefs,1988-12-11,"North Attleboro, MA",,Connecticut,"North Attleboro, MA",Arizona Cardinals,5.0,136.0,2011.0,"1,100,000",,RB,46024,2017,H,10538.2,0,0,0,0.0,0,0,0,0,0,0,0,1,1,4,0,7,0,0,0,0.0,0.0,1.4,0,1.4,71.0
24853,24853,10984,24100,Jamaal Williams,RB,6-0,212.0,Green Bay Packers,1995-04-03,,,BYU,,Green Bay Packers,4.0,134.0,2017.0,"465,000",,RB,55264,2017,A,8237.5,0,0,0,0.0,0,0,0,0,44,140,1,7,6,81,1,0,0,0,0,0.0,20.0,20.1,0,40.1,72.0
24854,24854,10984,24100,Jamaal Williams,RB,6-0,212.0,Green Bay Packers,1995-04-03,,,BYU,,Green Bay Packers,4.0,134.0,2017.0,"465,000",,RB,55265,2017,H,8229.0,0,0,0,0.0,0,0,0,0,26,84,1,9,7,71,0,0,0,0,0,0.0,14.4,14.1,0,28.5,72.0
25030,25030,11068,12922,Daniel Lasco,RB,6-0,205.0,New Orleans Saints,1992-10-09,"The Woodlands, TX",,California,"The Woodlands, TX",New Orleans Saints,7.0,237.0,2016.0,"349,412",,RB,29936,2017,A,9154.75,0,0,0,0.0,0,0,0,0,0,0,0,0,0,0,0,0,0,0,0,0.0,0.0,0.0,0,0.0,72.0
25031,25031,11068,12922,Daniel Lasco,RB,6-0,205.0,New Orleans Saints,1992-10-09,"The Woodlands, TX",,California,"The Woodlands, TX",New Orleans Saints,7.0,237.0,2016.0,"349,412",,RB,29937,2017,H,9158.25,0,0,0,0.0,0,0,0,0,0,0,0,0,0,0,0,0,0,0,0,0.0,0.0,0.0,0,0.0,72.0
25103,25103,11095,14151,Doug Martin ,RB,5-9,223.0,Tampa Bay Buccaneers,1989-01-13,"Stockton, CA",,Boise St.,"St. Mary's, CA",Tampa Bay Buccaneers,1.0,31.0,2012.0,"5,764,706",,RB,32564,2017,A,10523.0,0,0,0,0.0,0,0,0,0,68,180,1,8,5,48,0,0,0,0,0,0.0,24.000000000000004,9.8,0,33.8,69.0
25104,25104,11095,14151,Doug Martin ,RB,5-9,223.0,Tampa Bay Buccaneers,1989-01-13,"Stockton, CA",,Boise St.,"St. Mary's, CA",Tampa Bay Buccaneers,1.0,31.0,2012.0,"5,764,706",,RB,32565,2017,H,10512.666666666666,0,0,0,0.0,0,0,0,0,51,196,1,7,2,12,0,0,0,0,0,0.0,25.6,3.2,0,28.8,69.0
26046,26046,11461,4458,Dalvin Cook,RB,5-10,210.0,Minnesota Vikings,1995-08-10,,,Florida St.,,Minnesota Vikings,2.0,41.0,2017.0,"465,000",,RB,10322,2017,A,8073.5,0,0,0,0.0,0,0,0,0,12,64,0,3,2,0,0,0,0,0,0,0.0,6.4,2.0,0,8.4,70.0
26047,26047,11461,4458,Dalvin Cook,RB,5-10,210.0,Minnesota Vikings,1995-08-10,,,Florida St.,,Minnesota Vikings,2.0,41.0,2017.0,"465,000",,RB,10323,2017,H,8078.5,0,0,0,0.0,0,0,0,0,62,290,2,13,9,90,0,0,0,0,0,0.0,41.0,18.0,0,58.99999999999999,70.0
26225,26225,11566,5268,Mike Davis,RB,5-9,223.0,Los Angeles Chargers,1992-05-11,"Dallas, TX",,South Carolina,"Skyline, TX",San Francisco 49ers,4.0,126.0,2015.0,"437,647",,RB,12087,2017,A,9303.05,0,0,0,0.0,0,0,0,0,0,0,0,0,0,0,0,36,0,0,0,0.0,0.0,0.0,0,0.0,69.0
26226,26226,11566,5268,Mike Davis,RB,5-9,223.0,Los Angeles Chargers,1992-05-11,"Dallas, TX",,South Carolina,"Skyline, TX",San Francisco 49ers,4.0,126.0,2015.0,"437,647",,RB,12088,2017,H,9290.75,0,0,0,0.0,0,0,0,0,6,18,0,2,2,41,0,0,0,0,0,0.0,1.8,6.1,0,7.899999999999999,69.0
26426,26426,11674,1040,Peyton Barber,RB,5-11,225.0,Tampa Bay Buccaneers,1994-06-27,"Alpharetta, GA",,Auburn,,,,,,"540,000",,RB,2159,2017,A,8524.75,0,0,0,0.0,0,0,0,0,16,41,2,5,4,31,0,0,0,0,0,0.0,16.099999999999998,7.1,0,23.2,71.0
26427,26427,11674,1040,Peyton Barber,RB,5-11,225.0,Tampa Bay Buccaneers,1994-06-27,"Alpharetta, GA",,Auburn,,,,,,"540,000",,RB,2160,2017,H,8508.75,0,0,0,0.0,0,0,0,0,14,47,0,0,0,0,0,0,0,0,0,0.0,4.7,0.0,0,4.7,71.0
26650,26650,11762,15528,Joe Mixon,RB,6-1,228.0,Cincinnati Bengals,1996-07-24,,,Oklahoma,,Cincinnati Bengals,2.0,48.0,2017.0,"465,000",,RB,35891,2017,A,7762.583333333332,0,0,0,0.0,0,0,0,0,84,256,2,19,16,96,0,0,0,0,0,0.0,37.6,25.6,0,63.2,73.0
26651,26651,11762,15528,Joe Mixon,RB,6-1,228.0,Cincinnati Bengals,1996-07-24,,,Oklahoma,,Cincinnati Bengals,2.0,48.0,2017.0,"465,000",,RB,35892,2017,H,7749.85,0,0,0,0.0,0,0,0,0,66,228,2,10,10,162,0,0,0,0,0,0.0,34.8,26.20000000000001,0,61.0,73.0
26836,26836,11825,12161,Joe Kerridge,FB,6-0,242.0,Green Bay Packers,1992-09-17,"Traverse City, MI",,Michigan,"St. Francis, MI",,,,,"222,353",,RB,28575,2017,A,9201.25,0,0,0,0.0,0,0,0,0,0,0,0,0,0,0,0,0,0,0,0,0.0,0.0,0.0,0,0.0,72.0
26837,26837,11825,12161,Joe Kerridge,FB,6-0,242.0,Green Bay Packers,1992-09-17,"Traverse City, MI",,Michigan,"St. Francis, MI",,,,,"222,353",,RB,28576,2017,H,9194.25,0,0,0,0.0,0,0,0,0,0,0,0,1,1,3,0,0,0,0,0,0.0,0.0,1.3,0,1.3,72.0
26988,26988,11878,23422,Derek Watt,FB,6-2,234.0,Los Angeles Chargers,1992-11-07,"Waukesha , WI",,Wisconsin,"Pewaukee, WI",San Diego Chargers,6.0,198.0,2016.0,"540,000",,RB,53903,2017,A,9114.75,0,0,0,0.0,0,0,0,0,0,0,0,2,1,12,0,0,0,0,0,0.0,0.0,2.2,0,2.2,74.0
26989,26989,11878,23422,Derek Watt,FB,6-2,234.0,Los Angeles Chargers,1992-11-07,"Waukesha , WI",,Wisconsin,"Pewaukee, WI",San Diego Chargers,6.0,198.0,2016.0,"540,000",,RB,53904,2017,H,9103.85,0,0,0,0.0,0,0,0,0,3,17,0,0,0,0,0,0,0,0,0,0.0,1.7,0.0,0,1.7,74.0
27125,27125,11943,23645,Charcandrick West ,RB,5-10,205.0,Kansas City Chiefs,1991-06-02,"Cullen, LA",,Abilene Christian,"Springhill, LA",,,,,"700,000",,RB,54272,2017,A,9629.5,0,0,0,0.0,0,0,0,0,9,39,1,15,14,69,2,0,0,0,0,0.0,9.9,32.9,0,42.8,70.0
27126,27126,11943,23645,Charcandrick West ,RB,5-10,205.0,Kansas City Chiefs,1991-06-02,"Cullen, LA",,Abilene Christian,"Springhill, LA",,,,,"700,000",,RB,54273,2017,H,9634.7,0,0,0,0.0,0,0,0,0,1,2,0,12,10,53,0,37,0,0,0,0.0,0.2,15.3,0,15.5,70.0
27312,27312,12047,17349,Elijhaa Penny,RB,6-2,247.0,Arizona Cardinals,1993-08-17,,,Idaho,,,,,,"465,000",,RB,40325,2017,A,8823.833333333334,0,0,0,0.0,0,0,0,0,0,0,0,1,1,6,0,0,0,0,0,0.0,0.0,1.6,0,1.6,74.0
27313,27313,12047,17349,Elijhaa Penny,RB,6-2,247.0,Arizona Cardinals,1993-08-17,,,Idaho,,,,,,"465,000",,RB,40326,2017,H,8831.6,0,0,0,0.0,0,0,0,0,1,1,0,0,0,0,0,0,0,0,0,0.0,0.1,0.0,0,0.1,74.0
28521,28521,12615,6062,Lance Dunbar,RB,5-8,191.0,Los Angeles Rams,1990-01-25,"Haltom City, TX",,North Texas,"Haltom, TX",,,,,,,RB,13903,2017,A,10159.75,0,0,0,0.0,0,0,0,0,0,0,0,0,0,0,0,0,0,0,0,0.0,0.0,0.0,0,0.0,68.0
28522,28522,12615,6062,Lance Dunbar,RB,5-8,191.0,Los Angeles Rams,1990-01-25,"Haltom City, TX",,North Texas,"Haltom, TX",,,,,,,RB,13904,2017,H,10152.75,0,0,0,0.0,0,0,0,0,5,31,0,0,0,0,0,0,0,0,0,0.0,3.1,0.0,0,3.1,68.0
29535,29535,13089,24616,Danny Woodhead,RB,5-9,200.0,Baltimore Ravens,1985-01-25,"North Platte, NE",,Chadron St.,"North Platte, NE",,,,,"1,000,000",,RB,56467,2017,A,11951.0,0,0,0,0.0,0,0,0,0,2,6,0,9,8,54,0,0,0,0,0,0.0,0.6000000000000001,13.4,0,14.0,69.0
29536,29536,13089,24616,Danny Woodhead,RB,5-9,200.0,Baltimore Ravens,1985-01-25,"North Platte, NE",,Chadron St.,"North Platte, NE",,,,,"1,000,000",,RB,56468,2017,H,11994.0,0,0,0,0.0,0,0,0,0,4,22,0,4,4,23,0,0,0,0,0,0.0,2.2,6.3,0,8.5,69.0
29664,29664,13123,11208,Chris Johnson ,RB,5-11,195.0,,1985-09-23,"Orlando, FL",,East Carolina,"Olympia, FL",Tennessee Titans,1.0,24.0,2008.0,"847,059",,RB,26324,2017,A,11692.375,0,0,0,0.0,0,0,0,0,20,65,0,1,1,8,0,0,0,0,0,0.0,6.5,1.8,0,8.3,71.0
29665,29665,13123,11208,Chris Johnson ,RB,5-11,195.0,,1985-09-23,"Orlando, FL",,East Carolina,"Olympia, FL",Tennessee Titans,1.0,24.0,2008.0,"847,059",,RB,26325,2017,H,11693.0,0,0,0,0.0,0,0,0,0,25,49,0,5,4,35,0,0,0,0,0,0.0,4.9,7.5,0,12.4,71.0
30939,30939,13677,14897,Jerick McKinnon ,RB,5-9,205.0,Minnesota Vikings,1992-05-03,"Atlanta, GA",,Georgia Southern,"Sprayberry, GA",Minnesota Vikings,3.0,96.0,2014.0,"700,000",,RB,34414,2017,A,9305.65,0,0,0,0.0,0,0,0,0,56,216,2,26,18,178,0,103,0,0,0,0.0,33.6,35.8,0,69.4,69.0
30940,30940,13677,14897,Jerick McKinnon ,RB,5-9,205.0,Minnesota Vikings,1992-05-03,"Atlanta, GA",,Georgia Southern,"Sprayberry, GA",Minnesota Vikings,3.0,96.0,2014.0,"700,000",,RB,34415,2017,H,9291.75,0,0,0,0.0,0,0,0,0,50,174,1,23,18,83,1,209,0,0,0,0.0,23.4,32.300000000000004,0,55.7,69.0
31518,31518,13904,6420,Rhett Ellison,FB,6-5,251.0,New York Giants,1988-10-03,"Portola Valley, CA",,USC,"St. Francis, CA",Minnesota Vikings,4.0,128.0,2012.0,,,RB,14715,2017,A,10603.625,0,0,0,0.0,0,0,0,0,0,0,0,4,4,29,1,0,0,0,0,0.0,0.0,12.9,0,12.9,77.0
31519,31519,13904,6420,Rhett Ellison,FB,6-5,251.0,New York Giants,1988-10-03,"Portola Valley, CA",,USC,"St. Francis, CA",Minnesota Vikings,4.0,128.0,2012.0,,,RB,14716,2017,H,10610.0,0,0,0,0.0,0,0,0,0,0,0,0,8,6,58,0,0,0,0,0,0.0,0.0,11.8,0,11.8,77.0
31685,31685,13979,17995,C.J. Prosise,RB,6-1,220.0,Seattle Seahawks,1994-05-20,"Petersburg, VA",,Notre Dame,"Woodberry Forest, VA",Seattle Seahawks,3.0,90.0,2016.0,"565,000",,RB,41710,2017,A,8542.75,0,0,0,0.0,0,0,0,0,11,23,0,5,3,65,0,0,0,0,0,0.0,2.3,9.5,0,11.8,73.0
31686,31686,13979,17995,C.J. Prosise,RB,6-1,220.0,Seattle Seahawks,1994-05-20,"Petersburg, VA",,Notre Dame,"Woodberry Forest, VA",Seattle Seahawks,3.0,90.0,2016.0,"565,000",,RB,41711,2017,H,8520.75,0,0,0,0.0,0,0,0,0,0,0,0,6,3,22,0,0,0,0,0,0.0,0.0,5.2,0,5.2,73.0
31814,31814,14039,10753,Darius Jackson,RB,6-0,221.0,Cleveland Browns,1993-12-01,"Sparta , IL",,East. Michigan,"Sparta, IL",Dallas Cowboys,6.0,216.0,2016.0,"540,000",,RB,24836,2017,A,8697.75,0,0,0,0.0,0,0,0,0,0,0,0,0,0,0,0,0,0,0,0,0.0,0.0,0.0,0,0.0,72.0
32662,32662,14357,7164,Matt Forte ,RB,6-1,221.0,New York Jets,1985-12-10,"Lake Charles, LA",,Tulane,"Slidell, LA",Chicago Bears,2.0,44.0,2008.0,"4,000,000",,RB,16377,2017,A,11613.083333333336,0,0,0,0.0,0,0,0,0,22,110,0,13,11,99,0,0,0,0,0,0.0,11.0,20.9,0,31.9,73.0
32663,32663,14357,7164,Matt Forte ,RB,6-1,221.0,New York Jets,1985-12-10,"Lake Charles, LA",,Tulane,"Slidell, LA",Chicago Bears,2.0,44.0,2008.0,"4,000,000",,RB,16378,2017,H,11642.35,0,0,0,0.0,0,0,0,0,45,157,2,20,18,123,0,0,0,0,0,0.0,27.70000000000001,30.3,0,58.00000000000001,73.0
32752,32752,14388,4237,Derrick Coleman,RB,6-0,233.0,Atlanta Falcons,1990-10-18,"West Los Angeles, CA",,UCLA,"Troy, CA",,,,,"690,000",,RB,9840,2017,A,9862.333333333334,0,0,0,0.0,0,0,0,0,0,0,0,2,1,9,0,0,0,0,0,0.0,0.0,1.9,0,1.9,72.0
32753,32753,14388,4237,Derrick Coleman,RB,6-0,233.0,Atlanta Falcons,1990-10-18,"West Los Angeles, CA",,UCLA,"Troy, CA",,,,,"690,000",,RB,9841,2017,H,9864.2,0,0,0,0.0,0,0,0,0,2,8,0,3,1,11,0,0,0,0,0,0.0,0.8,2.1,0,2.9000000000000004,72.0
32857,32857,14431,22162,Chris Thompson,RB,5-8,195.0,Washington Redskins,1990-10-20,"Greenville, FL",,Florida St.,"Madison County, FL",Washington Redskins,5.0,154.0,2013.0,"382,942",,RB,50863,2017,A,9861.25,0,0,0,0.0,0,0,0,0,24,175,2,21,14,86,2,34,0,0,0,0.0,29.5,34.6,0,64.10000000000001,68.0
32858,32858,14431,22162,Chris Thompson,RB,5-8,195.0,Washington Redskins,1990-10-20,"Greenville, FL",,Florida St.,"Madison County, FL",Washington Redskins,5.0,154.0,2013.0,"382,942",,RB,50864,2017,H,9853.8,0,0,0,0.0,0,0,0,0,40,119,0,33,25,424,2,131,0,0,0,0.0,11.9,79.39999999999998,0,91.3,68.0
33229,33229,14615,23329,Dwayne Washington,RB,6-1,221.0,Detroit Lions,1994-04-24,"Lakewood, CA",,Washington,"Richard Gahr, CA",Detroit Lions,7.0,236.0,2016.0,"540,000",,RB,53602,2017,A,8572.25,0,0,0,0.0,0,0,0,0,8,10,0,0,0,0,0,0,0,0,0,0.0,1.0,0.0,0,1.0,73.0
33230,33230,14615,23329,Dwayne Washington,RB,6-1,221.0,Detroit Lions,1994-04-24,"Lakewood, CA",,Washington,"Richard Gahr, CA",Detroit Lions,7.0,236.0,2016.0,"540,000",,RB,53603,2017,H,8577.083333333334,0,0,0,0.0,0,0,0,0,12,34,0,2,2,14,0,31,0,0,0,0.0,3.4000000000000004,3.4,0,6.8000000000000025,73.0
33359,33359,14669,9824,Brian Hill,RB,6-1,219.0,Cincinnati Bengals,1995-11-09,,,Wyoming,,Atlanta Falcons,5.0,156.0,2017.0,"465,000",,RB,22650,2017,A,8045.5,0,0,0,0.0,0,0,0,0,0,0,0,0,0,0,0,0,0,0,0,0.0,0.0,0.0,0,0.0,73.0
33360,33360,14669,9824,Brian Hill,RB,6-1,219.0,Cincinnati Bengals,1995-11-09,,,Wyoming,,Atlanta Falcons,5.0,156.0,2017.0,"465,000",,RB,22651,2017,H,7996.25,0,0,0,0.0,0,0,0,0,0,0,0,0,0,0,0,0,0,0,0,0.0,0.0,0.0,0,0.0,73.0
33557,33557,14733,22374,Mike Tolbert,RB,5-9,243.0,Buffalo Bills,1985-11-23,"Carrollton, GA",,Coastal Carolina,"Douglas Co., GA",,,,,"900,000",,RB,51414,2017,A,11641.0,0,0,0,0.0,0,0,0,0,18,55,0,7,7,33,0,0,0,0,0,0.0,5.5,10.3,0,15.8,69.0
33558,33558,14733,22374,Mike Tolbert,RB,5-9,243.0,Buffalo Bills,1985-11-23,"Carrollton, GA",,Coastal Carolina,"Douglas Co., GA",,,,,"900,000",,RB,51415,2017,H,11647.35,0,0,0,0.0,0,0,0,0,32,124,1,6,5,28,0,0,0,0,0,0.0,18.4,7.8000000000000025,0,26.2,69.0
33730,33730,14829,2676,Mack Brown,RB,5-11,215.0,Minnesota Vikings,1991-09-24,"Lithonia, GA",,Florida,"Martin Luther King, GA",,,,,"540,000",,RB,5909,2017,A,9525.5,0,0,0,0.0,0,0,0,0,0,0,0,0,0,0,0,0,0,0,0,0.0,0.0,0.0,0,0.0,71.0
33731,33731,14829,2676,Mack Brown,RB,5-11,215.0,Minnesota Vikings,1991-09-24,"Lithonia, GA",,Florida,"Martin Luther King, GA",,,,,"540,000",,RB,5910,2017,H,9507.0,0,0,0,0.0,0,0,0,0,8,29,0,1,1,11,0,0,0,0,0,0.0,2.9000000000000004,2.1,0,5.0,71.0
33884,33884,14912,12046,Robert Kelley ,RB,6-0,228.0,Washington Redskins,1992-10-03,"New Orleans, LA",,Tulane,"O. Perry Walker, LA",,,,,"540,000",,RB,28315,2017,A,9140.125,0,0,0,0.0,0,0,0,0,40,135,2,3,2,14,0,16,0,0,0,0.0,25.5,3.4,0,28.9,72.0
33885,33885,14912,12046,Robert Kelley ,RB,6-0,228.0,Washington Redskins,1992-10-03,"New Orleans, LA",,Tulane,"O. Perry Walker, LA",,,,,"540,000",,RB,28316,2017,H,9145.5,0,0,0,0.0,0,0,0,0,22,59,1,4,2,4,0,0,0,0,0,0.0,11.9,2.4,0,14.3,72.0
33887,33887,14914,5374,Matthew Dayes,RB,5-9,205.0,Cleveland Browns,1994-01-01,,,North Carolina St.,,Cleveland Browns,7.0,252.0,2017.0,"465,000",,RB,12412,2017,A,8691.95,0,0,0,0.0,0,0,0,0,0,0,0,0,0,0,0,125,0,0,0,0.0,0.0,0.0,0,0.0,69.0
33888,33888,14914,5374,Matthew Dayes,RB,5-9,205.0,Cleveland Browns,1994-01-01,,,North Carolina St.,,Cleveland Browns,7.0,252.0,2017.0,"465,000",,RB,12413,2017,H,8687.75,0,0,0,0.0,0,0,0,0,4,9,0,5,4,29,0,197,0,0,0,0.0,0.8999999999999999,6.9,0,7.8000000000000025,69.0
34015,34015,14957,4185,Tarik Cohen ,RB,5-6,179.0,Chicago Bears,1995-07-26,,,North Carolina A&T;,,Chicago Bears,4.0,119.0,2017.0,"465,000",,RB,9741,2017,A,8118.7,1,1,21,31.660000000000004,1,0,0,0,33,60,1,21,16,107,0,184,0,53,0,6.84,12.000000000000002,26.7,0,45.540000000000006,66.0
34016,34016,14957,4185,Tarik Cohen ,RB,5-6,179.0,Chicago Bears,1995-07-26,,,North Carolina A&T;,,Chicago Bears,4.0,119.0,2017.0,"465,000",,RB,9742,2017,H,8117.833333333332,0,0,0,0.0,0,0,0,0,33,202,1,28,19,165,1,229,0,102,0,0.0,26.2,41.5,0,67.7,66.0
34089,34089,14997,7342,Devonta Freeman ,RB,5-8,206.0,Atlanta Falcons,1992-03-15,"Miami, FL",,Florida St.,"Miami Central, FL",Atlanta Falcons,4.0,103.0,2014.0,"1,297,000",,RB,16767,2017,A,9342.45,0,0,0,0.0,0,0,0,0,68,302,2,16,13,90,0,0,0,0,0,0.0,42.2,22.0,0,64.2,68.0
34090,34090,14997,7342,Devonta Freeman ,RB,5-8,206.0,Atlanta Falcons,1992-03-15,"Miami, FL",,Florida St.,"Miami Central, FL",Atlanta Falcons,4.0,103.0,2014.0,"1,297,000",,RB,16768,2017,H,9341.75,0,0,0,0.0,0,0,0,0,48,213,3,8,6,47,0,0,0,0,0,0.0,39.3,10.7,0,49.99999999999999,68.0
34394,34394,15144,16093,Latavius Murray,RB,6-3,225.0,Minnesota Vikings,1990-01-18,"Titusville, FL",,Central Florida,"Onondaga Central, NY",Oakland Raiders,6.0,181.0,2013.0,"900,000",,RB,37649,2017,A,10141.15,0,0,0,0.0,0,0,0,0,71,228,2,4,3,20,0,0,0,0,0,0.0,34.8,5.0,0,39.8,75.0
34395,34395,15144,16093,Latavius Murray,RB,6-3,225.0,Minnesota Vikings,1990-01-18,"Titusville, FL",,Central Florida,"Onondaga Central, NY",Oakland Raiders,6.0,181.0,2013.0,"900,000",,RB,37650,2017,H,10127.25,0,0,0,0.0,0,0,0,0,59,268,3,5,4,19,0,0,0,0,0,0.0,44.8,5.9,0,50.7,75.0
34441,34441,15166,22362,Jordan Todman,RB,5-9,195.0,Houston Texans,1990-02-24,"Dartmouth, MA",,Connecticut,"Dartmouth, MA",San Diego Chargers,6.0,183.0,2011.0,,,RB,51359,2017,A,10101.35,0,0,0,0.0,0,0,0,0,0,0,0,0,0,0,0,43,0,0,0,0.0,0.0,0.0,0,0.0,69.0
34442,34442,15166,22362,Jordan Todman,RB,5-9,195.0,Houston Texans,1990-02-24,"Dartmouth, MA",,Connecticut,"Dartmouth, MA",San Diego Chargers,6.0,183.0,2011.0,,,RB,51360,2017,H,10094.75,0,0,0,0.0,0,0,0,0,0,0,0,0,0,0,0,0,0,0,0,0.0,0.0,0.0,0,0.0,69.0
34465,34465,15182,11707,Taiwan Jones,RB,5-11,202.0,Buffalo Bills,1988-07-26,"San Francisco, CA",,East. Washington,"Deer Valley, CA",Oakland Raiders,4.0,125.0,2011.0,"775,000",,RB,27694,2017,A,10665.5,0,0,0,0.0,0,0,0,0,0,0,0,0,0,0,0,50,0,0,0,0.0,0.0,0.0,0,0.0,71.0
34466,34466,15182,11707,Taiwan Jones,RB,5-11,202.0,Buffalo Bills,1988-07-26,"San Francisco, CA",,East. Washington,"Deer Valley, CA",Oakland Raiders,4.0,125.0,2011.0,"775,000",,RB,27695,2017,H,10664.5,0,0,0,0.0,0,0,0,0,0,0,0,2,1,11,0,0,0,0,0,0.0,0.0,2.1,0,2.1,71.0
35409,35409,15671,14819,Elijah McGuire ,RB,5-10,214.0,New York Jets,1994-06-01,,,La-Lafayette,,New York Jets,6.0,188.0,2017.0,"465,000",,RB,34223,2017,A,8529.75,0,0,0,0.0,0,0,0,0,28,78,0,12,7,53,0,0,0,0,0,0.0,7.8000000000000025,12.3,0,20.1,70.0
35410,35410,15671,14819,Elijah McGuire ,RB,5-10,214.0,New York Jets,1994-06-01,,,La-Lafayette,,New York Jets,6.0,188.0,2017.0,"465,000",,RB,34224,2017,H,8543.25,0,0,0,0.0,0,0,0,0,46,202,1,4,4,60,0,67,0,10,0,0.0,26.2,10.0,0,36.2,70.0
35726,35726,15780,14100,Byron Marshall,RB,5-9,201.0,Washington Redskins,1994-02-13,"San Jose, CA",,Oregon,"Valley Christian, CA",,,,,,,RB,32443,2017,A,8685.25,0,0,0,0.0,0,0,0,0,5,14,0,6,5,24,0,29,0,0,0,0.0,1.4,7.4,0,8.799999999999997,69.0
35727,35727,15780,14100,Byron Marshall,RB,5-9,201.0,Washington Redskins,1994-02-13,"San Jose, CA",,Oregon,"Valley Christian, CA",,,,,,,RB,32444,2017,H,8683.75,0,0,0,0.0,0,0,0,0,4,18,0,2,1,12,0,38,0,0,0,0.0,1.8,2.2,0,4.0,69.0
36180,36180,15965,9856,Jeremy Hill,RB,6-1,233.0,Cincinnati Bengals,1992-10-20,"Baton Rouge, LA",,LSU,"Redemptorist, LA",Cincinnati Bengals,2.0,55.0,2014.0,"881,855",,RB,22843,2017,A,9116.75,0,0,0,0.0,0,0,0,0,17,46,0,2,2,16,0,0,0,0,0,0.0,4.6,3.6,0,8.2,73.0
36181,36181,15965,9856,Jeremy Hill,RB,6-1,233.0,Cincinnati Bengals,1992-10-20,"Baton Rouge, LA",,LSU,"Redemptorist, LA",Cincinnati Bengals,2.0,55.0,2014.0,"881,855",,RB,22844,2017,H,9111.3125,0,0,0,0.0,0,0,0,0,20,70,0,2,2,0,0,0,0,0,0,0.0,7.0,2.0,0,9.0,73.0
36315,36315,16033,13269,Dion Lewis,RB,5-8,195.0,New England Patriots,1990-09-27,"Brooklyn, NY",,Pittsburgh,"Albany, NY",Philadelphia Eagles,5.0,149.0,2011.0,"1,200,000",,RB,30640,2017,A,9884.7,0,0,0,0.0,0,0,0,0,46,234,2,7,7,49,1,143,1,0,0,0.0,35.4,17.9,6,59.3,68.0
36316,36316,16033,13269,Dion Lewis,RB,5-8,195.0,New England Patriots,1990-09-27,"Brooklyn, NY",,Pittsburgh,"Albany, NY",Philadelphia Eagles,5.0,149.0,2011.0,"1,200,000",,RB,30641,2017,H,9878.0,0,0,0,0.0,0,0,0,0,51,264,1,9,8,38,0,261,0,0,0,0.0,32.39999999999999,11.8,0,44.2,68.0
36836,36836,16264,8657,Todd Gurley,RB,6-1,226.0,Los Angeles Rams,1994-08-03,"Baltimore, MD",,Georgia,"Tarboro, NC",St. Louis Rams,1.0,10.0,2015.0,"1,691,653",,RB,19999,2017,A,8477.35,0,0,0,0.0,0,0,0,0,105,446,5,23,18,198,2,0,0,0,0,0.0,74.60000000000002,49.8,0,124.4,73.0
36837,36837,16264,8657,Todd Gurley,RB,6-1,226.0,Los Angeles Rams,1994-08-03,"Baltimore, MD",,Georgia,"Tarboro, NC",St. Louis Rams,1.0,10.0,2015.0,"1,691,653",,RB,20000,2017,H,8474.916666666666,0,0,0,0.0,0,0,0,0,99,419,3,36,24,281,1,0,0,0,0,0.0,59.9,58.1,0,118.0,73.0
36987,36987,16309,13388,Zach Line,FB,6-1,230.0,New Orleans Saints,1990-04-26,"Oxford, MI",,SMU,"Oxford, MI",,,,,,,RB,30950,2017,A,10059.416666666666,0,0,0,0.0,0,0,0,0,1,9,0,0,0,0,0,0,0,0,0,0.0,0.9,0.0,0,0.9,73.0
36988,36988,16309,13388,Zach Line,FB,6-1,230.0,New Orleans Saints,1990-04-26,"Oxford, MI",,SMU,"Oxford, MI",,,,,,,RB,30951,2017,H,10051.25,0,0,0,0.0,0,0,0,0,3,6,0,0,0,0,0,0,0,0,0,0.0,0.6000000000000001,0.0,0,0.6000000000000001,73.0
37099,37099,16352,17382,Paul Perkins ,RB,5-10,210.0,New York Giants,1994-11-16,"Mesa, AZ",,UCLA,"Chandler, AZ",New York Giants,5.0,149.0,2016.0,"540,000",,RB,40404,2017,A,8367.95,0,0,0,0.0,0,0,0,0,25,51,0,7,5,23,0,0,0,0,0,0.0,5.1000000000000005,7.299999999999999,0,12.4,70.0
37100,37100,16352,17382,Paul Perkins ,RB,5-10,210.0,New York Giants,1994-11-16,"Mesa, AZ",,UCLA,"Chandler, AZ",New York Giants,5.0,149.0,2016.0,"540,000",,RB,40405,2017,H,8365.5,0,0,0,0.0,0,0,0,0,7,10,0,2,2,12,0,0,0,0,0,0.0,1.0,3.2,0,4.2,70.0
37958,37958,16780,1894,Alfred Blue,RB,6-2,223.0,Houston Texans,1991-04-27,"Boutte, LA",,LSU,"Hahnville, LA",Houston Texans,6.0,181.0,2014.0,"690,000",,RB,4173,2017,A,9695.833333333334,0,0,0,0.0,0,0,0,0,17,46,0,2,2,11,0,0,0,0,0,0.0,4.6,3.1,0,7.6999999999999975,74.0
37959,37959,16780,1894,Alfred Blue,RB,6-2,223.0,Houston Texans,1991-04-27,"Boutte, LA",,LSU,"Hahnville, LA",Houston Texans,6.0,181.0,2014.0,"690,000",,RB,4174,2017,H,9667.5,0,0,0,0.0,0,0,0,0,4,12,0,0,0,0,0,0,0,0,0,0.0,1.2,0.0,0,1.2,74.0
38388,38388,16935,656,Cameron Artis-Payne,RB,5-10,212.0,Carolina Panthers,1992-06-23,"Harrisburg, PA",,Auburn,"Harrisburg, PA",Carolina Panthers,5.0,174.0,2015.0,"615,000",,RB,1371,2017,A,9253.65,0,0,0,0.0,0,0,0,0,5,8,0,1,1,2,0,0,0,0,0,0.0,0.8,1.2,0,2.0,70.0
38389,38389,16935,656,Cameron Artis-Payne,RB,5-10,212.0,Carolina Panthers,1992-06-23,"Harrisburg, PA",,Auburn,"Harrisburg, PA",Carolina Panthers,5.0,174.0,2015.0,"615,000",,RB,1372,2017,H,9260.916666666666,0,0,0,0.0,0,0,0,0,8,71,1,0,0,0,0,0,0,0,0,0.0,13.1,0.0,0,13.1,70.0
39046,39046,17193,3227,Travaris Cadet,RB,6-1,210.0,Buffalo Bills,1989-02-01,"Miami, FL",,Appalachian St.,"Miami Central, FL",,,,,"410,294",,RB,7175,2017,A,10506.333333333334,0,0,0,0.0,0,0,0,0,9,45,0,9,9,60,0,0,0,0,0,0.0,4.5,15.0,0,19.5,73.0
39047,39047,17193,3227,Travaris Cadet,RB,6-1,210.0,Buffalo Bills,1989-02-01,"Miami, FL",,Appalachian St.,"Miami Central, FL",,,,,"410,294",,RB,7176,2017,H,10476.0,0,0,0,0.0,0,0,0,0,1,3,0,3,3,26,0,0,0,0,0,0.0,0.3,5.6,0,5.9,73.0
39538,39538,17478,7144,D'Onta Foreman,RB,6-0,233.0,Houston Texans,1996-04-24,,,Texas,,Houston Texans,3.0,89.0,2017.0,"465,000",,RB,16319,2017,A,7841.75,0,0,0,0.0,0,0,0,0,27,83,0,3,2,65,0,0,0,0,0,0.0,8.3,8.5,0,16.8,72.0
39539,39539,17478,7144,D'Onta Foreman,RB,6-0,233.0,Houston Texans,1996-04-24,,,Texas,,Houston Texans,3.0,89.0,2017.0,"465,000",,RB,16320,2017,H,7844.25,0,0,0,0.0,0,0,0,0,51,244,2,5,4,18,0,12,0,0,0,0.0,36.40000000000001,5.8,0,42.2,72.0
39985,39985,17654,14591,LeSean McCoy,RB,5-10,215.0,Buffalo Bills,1988-07-12,"Harrisburg, PA",,Pittsburgh,"Bishop McDevitt, PA",Philadelphia Eagles,2.0,53.0,2009.0,"6,000,000",,RB,33712,2017,A,10694.916666666666,0,0,0,0.0,0,0,0,0,98,336,1,25,20,134,1,0,0,0,0,0.0,39.6,39.40000000000001,0,79.0,70.0
39986,39986,17654,14591,LeSean McCoy,RB,5-10,215.0,Buffalo Bills,1988-07-12,"Harrisburg, PA",,Pittsburgh,"Bishop McDevitt, PA",Philadelphia Eagles,2.0,53.0,2009.0,"6,000,000",,RB,33713,2017,H,10685.85,0,0,0,0.0,0,0,0,0,94,422,3,32,26,161,0,0,0,0,0,0.0,60.2,42.1,0,102.3,70.0
40016,40016,17661,20760,Rod Smith,RB,6-3,231.0,Dallas Cowboys,1992-01-10,"Fort Wayne, IN",,Ohio St.,"Paul Harding, IN",,,,,"615,000",,RB,47524,2017,A,9409.45,0,0,0,0.0,0,0,0,0,13,83,0,8,5,20,0,0,0,0,0,0.0,8.299999999999999,7.0,0,15.3,75.0
40017,40017,17661,20760,Rod Smith,RB,6-3,231.0,Dallas Cowboys,1992-01-10,"Fort Wayne, IN",,Ohio St.,"Paul Harding, IN",,,,,"615,000",,RB,47525,2017,H,9421.392857142857,0,0,0,0.0,0,0,0,0,27,79,2,4,3,25,0,20,0,0,0,0.0,19.9,5.5,0,25.4,75.0
40131,40131,17732,10295,Jordan Howard,RB,6-1,225.0,Chicago Bears,1994-11-02,"Gardendale, AL",,Indiana,"Gardendale, AL",Chicago Bears,5.0,150.0,2016.0,"540,000",,RB,24042,2017,A,8384.75,0,0,0,0.0,0,0,0,0,93,335,1,13,8,51,0,0,0,0,0,0.0,39.5,13.1,0,52.6,73.0
40132,40132,17732,10295,Jordan Howard,RB,6-1,225.0,Chicago Bears,1994-11-02,"Gardendale, AL",,Indiana,"Gardendale, AL",Chicago Bears,5.0,150.0,2016.0,"540,000",,RB,24043,2017,H,8383.916666666666,0,0,0,0.0,0,0,0,0,106,512,4,10,8,40,0,0,0,0,0,0.0,75.2,12.0,0,87.2,73.0
40388,40388,17830,14406,Devante Mays,RB,5-11,230.0,Green Bay Packers,1994-05-26,,,Utah St.,,Green Bay Packers,7.0,238.0,2017.0,"465,000",,RB,33257,2017,A,8535.75,0,0,0,0.0,0,0,0,0,0,0,0,0,0,0,0,0,0,0,0,0.0,0.0,0.0,0,0.0,71.0
40389,40389,17830,14406,Devante Mays,RB,5-11,230.0,Green Bay Packers,1994-05-26,,,Utah St.,,Green Bay Packers,7.0,238.0,2017.0,"465,000",,RB,33258,2017,H,8535.75,0,0,0,0.0,0,0,0,0,3,-1,0,0,0,0,0,0,0,0,0,0.0,-0.1,0.0,0,-0.1,71.0
40528,40528,17908,7214,Jalston Fowler,FB,5-11,264.0,Tennessee Titans,1990-07-26,"Mobile, AL",,Alabama,"Vigor, AL",Tennessee Titans,4.0,108.0,2015.0,"615,000",,RB,16510,2017,A,9940.75,0,0,0,0.0,0,0,0,0,1,3,1,0,0,0,0,0,0,0,0,0.0,6.3,0.0,0,6.3,71.0
40529,40529,17908,7214,Jalston Fowler,FB,5-11,264.0,Tennessee Titans,1990-07-26,"Mobile, AL",,Alabama,"Vigor, AL",Tennessee Titans,4.0,108.0,2015.0,"615,000",,RB,16511,2017,H,9941.55,0,0,0,0.0,0,0,0,0,1,1,0,0,0,0,0,0,0,0,0,0.0,0.1,0.0,0,0.1,71.0
40862,40862,18049,22612,Robert Turbin,RB,5-10,222.0,Indianapolis Colts,1989-12-02,"Oakland, CA",,Utah St.,"Irvington, CA",Seattle Seahawks,4.0,106.0,2012.0,"800,000",,RB,52003,2017,A,10162.75,0,0,0,0.0,0,0,0,0,11,18,1,6,5,33,0,0,0,0,0,0.0,7.8,8.3,0,16.1,70.0
40863,40863,18049,22612,Robert Turbin,RB,5-10,222.0,Indianapolis Colts,1989-12-02,"Oakland, CA",,Utah St.,"Irvington, CA",Seattle Seahawks,4.0,106.0,2012.0,"800,000",,RB,52004,2017,H,10160.083333333334,0,0,0,0.0,0,0,0,0,12,35,0,5,4,23,0,0,0,0,0,0.0,3.5000000000000004,6.3,0,9.8,70.0
41173,41173,18207,1603,Giovani Bernard,RB,5-9,202.0,Cincinnati Bengals,1991-11-22,"Davie, FL",,North Carolina,"St. Thomas Aquinas, FL",Cincinnati Bengals,2.0,37.0,2013.0,"1,600,000",,RB,3536,2017,A,9467.583333333334,0,0,0,0.0,0,0,0,0,15,52,0,17,13,119,2,7,0,0,0,0.0,5.2,36.89999999999999,0,42.1,69.0
41174,41174,18207,1603,Giovani Bernard,RB,5-9,202.0,Cincinnati Bengals,1991-11-22,"Davie, FL",,North Carolina,"St. Thomas Aquinas, FL",Cincinnati Bengals,2.0,37.0,2013.0,"1,600,000",,RB,3537,2017,H,9454.9,0,0,0,0.0,0,0,0,0,19,69,0,11,6,100,0,0,0,0,0,0.0,6.9,16.0,0,22.9,69.0
41286,41286,18253,10,Ameer Abdullah,RB,5-8,198.0,Detroit Lions,1993-06-13,"Homewood, AL",,Nebraska,"Homewood, AL",Detroit Lions,2.0,54.0,2015.0,"687,830",,RB,19,2017,A,8893.2,0,0,0,0.0,0,0,0,0,83,304,2,9,6,37,1,15,0,0,0,0.0,42.40000000000001,15.7,0,58.1,68.0
41287,41287,18253,10,Ameer Abdullah,RB,5-8,198.0,Detroit Lions,1993-06-13,"Homewood, AL",,Nebraska,"Homewood, AL",Detroit Lions,2.0,54.0,2015.0,"687,830",,RB,20,2017,H,8893.0,0,0,0,0.0,0,0,0,0,67,201,1,18,14,96,0,0,0,0,0,0.0,26.1,23.6,0,49.70000000000001,68.0
41386,41386,18310,18575,Jalen Richard,RB,5-8,207.0,Oakland Raiders,1993-10-15,"Baton Rouge, LA",,Southern Miss,"Peabody Magnet, LA",,,,,"540,000",,RB,42964,2017,A,8758.85,0,0,0,0.0,0,0,0,0,19,68,0,11,8,65,0,16,0,49,0,0.0,6.8000000000000025,14.5,0,21.3,68.0
41387,41387,18310,18575,Jalen Richard,RB,5-8,207.0,Oakland Raiders,1993-10-15,"Baton Rouge, LA",,Southern Miss,"Peabody Magnet, LA",,,,,"540,000",,RB,42965,2017,H,8773.583333333334,0,0,0,0.0,0,0,0,0,32,161,1,17,13,145,1,29,0,63,0,0.0,22.1,33.5,0,55.6,68.0
41566,41566,18396,5252,Justin Davis,RB,6-1,208.0,Los Angeles Rams,1995-11-11,,,USC,,,,,,"465,000",,RB,12030,2017,A,7984.25,0,0,0,0.0,0,0,0,0,0,0,0,0,0,0,0,0,0,0,0,0.0,0.0,0.0,0,0.0,73.0
41567,41567,18396,5252,Justin Davis,RB,6-1,208.0,Los Angeles Rams,1995-11-11,,,USC,,,,,,"465,000",,RB,12031,2017,H,8011.875,0,0,0,0.0,0,0,0,0,1,1,0,0,0,0,0,0,0,0,0,0.0,0.1,0.0,0,0.1,73.0
41641,41641,18426,20487,Wendell Smallwood,RB,5-10,208.0,Philadelphia Eagles,1994-01-20,"Wilmington, DE",,West Virginia,"Eastern Christian Academy, MD",Philadelphia Eagles,5.0,153.0,2016.0,"540,000",,RB,46752,2017,A,8643.083333333334,0,0,0,0.0,0,0,0,0,17,42,1,9,6,47,0,55,0,0,0,0.0,10.2,10.7,0,20.9,70.0
41642,41642,18426,20487,Wendell Smallwood,RB,5-10,208.0,Philadelphia Eagles,1994-01-20,"Wilmington, DE",,West Virginia,"Eastern Christian Academy, MD",Philadelphia Eagles,5.0,153.0,2016.0,"540,000",,RB,46753,2017,H,8674.25,0,0,0,0.0,0,0,0,0,26,126,0,6,4,32,0,38,0,0,0,0.0,12.6,7.1999999999999975,0,19.8,70.0
42264,42264,18665,3009,Rex Burkhead,RB,5-10,214.0,New England Patriots,1990-07-02,"Plano, TX",,Nebraska,"Plano, TX",Cincinnati Bengals,6.0,190.0,2013.0,,,RB,6703,2017,A,9978.416666666666,0,0,0,0.0,0,0,0,0,17,55,0,13,10,89,2,0,0,0,0,0.0,5.5,30.9,0,36.4,70.0
42265,42265,18665,3009,Rex Burkhead,RB,5-10,214.0,New England Patriots,1990-07-02,"Plano, TX",,Nebraska,"Plano, TX",Cincinnati Bengals,6.0,190.0,2013.0,,,RB,6704,2017,H,9973.0,0,0,0,0.0,0,0,0,0,26,111,1,13,11,90,1,0,0,0,0,0.0,17.1,26.000000000000004,0,43.1,70.0
42955,42955,19022,22027,De'Anthony Thomas,RB,5-9,174.0,Kansas City Chiefs,1993-01-05,"Los Angeles, CA",,Oregon,"Crenshaw, CA",Kansas City Chiefs,4.0,124.0,2014.0,"690,000",,RB,50494,2017,A,9048.0,0,0,0,0.0,0,0,0,0,1,4,0,9,9,76,1,155,0,15,0,0.0,0.4,22.6,0,23.0,69.0
42956,42956,19022,22027,De'Anthony Thomas,RB,5-9,174.0,Kansas City Chiefs,1993-01-05,"Los Angeles, CA",,Oregon,"Crenshaw, CA",Kansas City Chiefs,4.0,124.0,2014.0,"690,000",,RB,50495,2017,H,9052.2,0,0,0,0.0,0,0,0,0,0,0,0,4,3,61,1,67,0,0,0,0.0,0.0,15.1,0,15.1,69.0
42973,42973,19032,7545,Wayne Gallman,RB,6-0,215.0,New York Giants,1994-01-01,,,Clemson,,New York Giants,4.0,140.0,2017.0,"465,000",,RB,17299,2017,A,8701.0,0,0,0,0.0,0,0,0,0,32,128,0,8,6,19,1,0,0,0,0,0.0,12.8,13.9,0,26.7,72.0
42974,42974,19032,7545,Wayne Gallman,RB,6-0,215.0,New York Giants,1994-01-01,,,Clemson,,New York Giants,4.0,140.0,2017.0,"465,000",,RB,17300,2017,H,8701.75,0,0,0,0.0,0,0,0,0,31,132,0,13,8,42,0,0,0,0,0,0.0,13.2,12.2,0,25.4,72.0
43592,43592,19268,12687,John Kuhn,FB,6-0,255.0,New Orleans Saints,1982-09-09,"York, PA",,Shippensburg,"Dover, PA",,,,,"1,000,000",,RB,29535,2017,A,12785.75,0,0,0,0.0,0,0,0,0,1,2,0,0,0,0,0,9,0,0,0,0.0,0.2,0.0,0,0.2,72.0
43593,43593,19268,12687,John Kuhn,FB,6-0,255.0,New Orleans Saints,1982-09-09,"York, PA",,Shippensburg,"Dover, PA",,,,,"1,000,000",,RB,29536,2017,H,12791.75,0,0,0,0.0,0,0,0,0,0,0,0,0,0,0,0,0,0,0,0,0.0,0.0,0.0,0,0.0,72.0
43701,43701,19331,10496,Kareem Hunt,RB,5-10,216.0,Kansas City Chiefs,1995-08-06,,,Toledo,,Kansas City Chiefs,3.0,86.0,2017.0,"465,000",,RB,24377,2017,A,8104.5,0,0,0,0.0,0,0,0,0,108,624,2,23,20,176,2,0,0,0,0,0.0,74.4,49.6,0,124.0,70.0
43702,43702,19331,10496,Kareem Hunt,RB,5-10,216.0,Kansas City Chiefs,1995-08-06,,,Toledo,,Kansas City Chiefs,3.0,86.0,2017.0,"465,000",,RB,24378,2017,H,8108.7,0,0,0,0.0,0,0,0,0,76,266,2,19,16,168,0,0,0,0,0,0.0,38.60000000000001,32.800000000000004,0,71.39999999999998,70.0
44679,44679,19743,21004,C.J. Spiller,RB,5-11,194.0,,1987-08-05,"Lake Butler, FL",,Clemson,"Union Co., FL",Buffalo Bills,1.0,9.0,2010.0,"582,253",,RB,48144,2017,A,11032.5,0,0,0,0.0,0,0,0,0,2,0,0,0,0,0,0,0,0,0,0,0.0,0.0,0.0,0,0.0,71.0
44726,44726,19776,5069,LeShun Daniels,RB,6-0,225.0,Washington Redskins,1995-06-04,,,,,,,,,,,RB,11665,2017,H,8207.5,0,0,0,0.0,0,0,0,0,0,0,0,0,0,0,0,0,0,0,0,0.0,0.0,0.0,0,0.0,72.0
44825,44825,19806,4860,Isaiah Crowell,RB,5-11,190.0,Cleveland Browns,1993-01-08,"Columbus, GA",,Alabama St.,"Carver, GA",,,,,"2,746,000",,RB,11150,2017,A,9050.2,0,0,0,0.0,0,0,0,0,66,324,1,10,6,40,0,0,0,0,0,0.0,38.40000000000001,10.0,0,48.40000000000001,71.0
44826,44826,19806,4860,Isaiah Crowell,RB,5-11,190.0,Cleveland Browns,1993-01-08,"Columbus, GA",,Alabama St.,"Carver, GA",,,,,"2,746,000",,RB,11151,2017,H,9046.0,0,0,0,0.0,0,0,0,0,79,230,1,19,13,137,0,0,0,0,0,0.0,29.000000000000004,26.7,0,55.7,71.0
44849,44849,19829,7069,David Fluellen,RB,5-11,224.0,Tennessee Titans,1992-01-29,,,Toledo,,,,,,"540,000",,RB,16175,2017,A,9395.583333333334,0,0,0,0.0,0,0,0,0,4,21,0,0,0,0,0,0,0,0,0,0.0,2.1,0.0,0,2.1,71.0
44850,44850,19829,7069,David Fluellen,RB,5-11,224.0,Tennessee Titans,1992-01-29,,,Toledo,,,,,,"540,000",,RB,16176,2017,H,9389.05,0,0,0,0.0,0,0,0,0,0,0,0,0,0,0,0,0,0,0,0,0.0,0.0,0.0,0,0.0,71.0
44960,44960,19876,9653,Derrick Henry ,RB,6-3,247.0,Tennessee Titans,1994-01-04,"Yulee, FL",,Alabama,"Yulee, FL",Tennessee Titans,2.0,45.0,2016.0,"695,815",,RB,22287,2017,A,8690.083333333334,0,0,0,0.0,0,0,0,0,57,232,1,5,3,21,0,0,0,0,0,0.0,29.2,5.1,0,34.3,75.0
44961,44961,19876,9653,Derrick Henry ,RB,6-3,247.0,Tennessee Titans,1994-01-04,"Yulee, FL",,Alabama,"Yulee, FL",Tennessee Titans,2.0,45.0,2016.0,"695,815",,RB,22288,2017,H,8683.55,0,0,0,0.0,0,0,0,0,57,288,2,7,4,34,0,0,0,0,0,0.0,40.8,7.4,0,48.2,75.0
46066,46066,20349,6367,Andre Ellington,RB,5-10,199.0,Houston Texans,1989-02-03,"Moncks Corner, SC",,Clemson,"Berkeley, SC",Arizona Cardinals,6.0,187.0,2013.0,"775,000",,RB,14634,2017,A,10468.75,0,0,0,0.0,0,0,0,0,3,9,0,21,16,126,0,0,0,0,0,0.0,0.9000000000000001,28.6,0,29.5,70.0
46067,46067,20349,6367,Andre Ellington,RB,5-10,199.0,Houston Texans,1989-02-03,"Moncks Corner, SC",,Clemson,"Berkeley, SC",Arizona Cardinals,6.0,187.0,2013.0,"775,000",,RB,14635,2017,H,10478.75,0,0,0,0.0,0,0,0,0,12,44,1,29,17,171,0,0,0,0,0,0.0,10.4,34.1,0,44.5,70.0
46357,46357,20463,23257,Terron Ward,RB,5-7,201.0,Atlanta Falcons,1992-02-15,"Antioch, CA",,Oregon St.,"De La Salle, CA",,,,,"615,000",,RB,53361,2017,A,9381.85,0,0,0,0.0,0,0,0,0,6,31,0,1,1,11,0,0,0,0,0,0.0,3.1,2.1,0,5.2,67.0
46358,46358,20463,23257,Terron Ward,RB,5-7,201.0,Atlanta Falcons,1992-02-15,"Antioch, CA",,Oregon St.,"De La Salle, CA",,,,,"615,000",,RB,53362,2017,H,9383.75,0,0,0,0.0,0,0,0,0,16,58,0,1,1,-3,0,0,0,0,0,0.0,5.8,0.7,0,6.5,67.0
46767,46767,20601,18955,Jacquizz Rodgers ,RB,5-7,190.0,Tampa Bay Buccaneers,1990-02-06,"Richmond, TX",,Oregon St.,"Lamar Consolidated, TX",Atlanta Falcons,5.0,145.0,2011.0,,,RB,43888,2017,A,10126.75,0,0,0,0.0,0,0,0,0,18,52,0,4,3,21,0,96,0,0,0,0.0,5.2,5.1,0,10.3,67.0
46768,46768,20601,18955,Jacquizz Rodgers ,RB,5-7,190.0,Tampa Bay Buccaneers,1990-02-06,"Richmond, TX",,Oregon St.,"Lamar Consolidated, TX",Atlanta Falcons,5.0,145.0,2011.0,,,RB,43889,2017,H,10110.75,0,0,0,0.0,0,0,0,0,42,165,1,5,4,33,0,0,0,0,0,0.0,22.5,7.3,0,29.8,67.0
46825,46825,20621,15817,Alfred Morris ,RB,5-9,219.0,Dallas Cowboys,1988-12-12,"Pensacola, FL",,Florida Atlantic,"Pine Forest, FL",Washington Redskins,6.0,173.0,2012.0,"1,200,000",,RB,36814,2017,A,10550.333333333334,0,0,0,0.0,0,0,0,0,16,71,0,1,1,9,0,0,0,0,0,0.0,7.1,1.9,0,9.0,69.0
46826,46826,20621,15817,Alfred Morris ,RB,5-9,219.0,Dallas Cowboys,1988-12-12,"Pensacola, FL",,Florida Atlantic,"Pine Forest, FL",Washington Redskins,6.0,173.0,2012.0,"1,200,000",,RB,36815,2017,H,10546.142857142857,0,0,0,0.0,0,0,0,0,62,352,1,3,1,13,0,0,0,0,0,0.0,41.2,2.3,0,43.5,69.0
46948,46948,20667,20775,Shane Smith,FB,6-1,244.0,New York Giants,1993-08-21,,,San Jose St.,,,,,,"465,000",,RB,47564,2017,A,8823.75,0,0,0,0.0,0,0,0,0,0,0,0,0,0,0,0,0,0,0,0,0.0,0.0,0.0,0,0.0,73.0
46949,46949,20667,20775,Shane Smith,FB,6-1,244.0,New York Giants,1993-08-21,,,San Jose St.,,,,,,"465,000",,RB,47565,2017,H,8825.0,0,0,0,0.0,0,0,0,0,0,0,0,0,0,0,0,0,0,0,0,0.0,0.0,0.0,0,0.0,73.0
47319,47319,20835,20338,Charles Sims,RB,6-0,214.0,Tampa Bay Buccaneers,1990-09-19,"Houston, TX",,West Virginia,"Westbury, TX",Tampa Bay Buccaneers,3.0,69.0,2014.0,"764,000",,RB,46524,2017,A,9901.75,0,0,0,0.0,0,0,0,0,6,18,0,21,15,123,0,0,0,0,0,0.0,1.8000000000000005,27.300000000000004,0,29.1,72.0
47320,47320,20835,20338,Charles Sims,RB,6-0,214.0,Tampa Bay Buccaneers,1990-09-19,"Houston, TX",,West Virginia,"Westbury, TX",Tampa Bay Buccaneers,3.0,69.0,2014.0,"764,000",,RB,46525,2017,H,9885.7,0,0,0,0.0,0,0,0,0,7,39,0,15,11,55,1,0,0,0,0,0.0,3.9,22.5,0,26.4,72.0
47706,47706,20981,4263,Tevin Coleman,RB,6-0,210.0,Atlanta Falcons,1993-04-16,"Triley Park, IL",,Indiana,"Oak Forest, IL",Atlanta Falcons,3.0,73.0,2015.0,"680,000",,RB,9889,2017,A,8951.666666666666,0,0,0,0.0,0,0,0,0,59,208,1,17,10,141,1,0,0,0,0,0.0,26.8,30.1,0,56.90000000000001,72.0
47707,47707,20981,4263,Tevin Coleman,RB,6-0,210.0,Atlanta Falcons,1993-04-16,"Triley Park, IL",,Indiana,"Oak Forest, IL",Atlanta Falcons,3.0,73.0,2015.0,"680,000",,RB,9890,2017,H,8953.6,0,0,0,0.0,0,0,0,0,63,331,4,10,8,77,1,0,0,0,0,0.0,57.10000000000001,21.7,0,78.8,72.0
48111,48111,21081,1465,Le'Veon Bell,RB,6-2,230.0,Pittsburgh Steelers,1992-02-18,"Reynoldsburg, OH",,Michigan St.,"Groveport Madison, OH",Pittsburgh Steelers,2.0,48.0,2013.0,"12,120,000",,RB,3157,2017,A,9365.583333333334,0,0,0,0.0,0,0,0,0,143,572,5,34,23,143,0,0,0,0,0,0.0,87.19999999999996,37.3,0,124.5,74.0
48112,48112,21081,1465,Le'Veon Bell,RB,6-2,230.0,Pittsburgh Steelers,1992-02-18,"Reynoldsburg, OH",,Michigan St.,"Groveport Madison, OH",Pittsburgh Steelers,2.0,48.0,2013.0,"12,120,000",,RB,3158,2017,H,9379.45,0,0,0,0.0,0,0,0,0,109,409,0,42,38,253,0,0,0,0,0,0.0,40.9,63.3,0,104.2,74.0
48566,48566,21286,1890,LeGarrette Blount,RB,6-1,245.0,Philadelphia Eagles,1986-12-05,"Madison, FL",,Oregon,"Taylor Co., FL",,,,,,,RB,4165,2017,A,11262.5,0,0,0,0.0,0,0,0,0,57,306,0,3,3,21,1,0,0,0,0,0.0,30.6,11.1,0,41.7,73.0
48567,48567,21286,1890,LeGarrette Blount,RB,6-1,245.0,Philadelphia Eagles,1986-12-05,"Madison, FL",,Oregon,"Taylor Co., FL",,,,,,,RB,4166,2017,H,11281.0,0,0,0,0.0,0,0,0,0,80,352,2,1,1,4,0,0,0,0,0,0.0,47.2,1.4,0,48.60000000000001,73.0
48981,48981,21452,11246,Duke Johnson,RB,5-9,206.0,Cleveland Browns,1993-09-23,"Miami, FL",,Miami (FL),"Norland, FL",Cleveland Browns,3.0,77.0,2015.0,"642,500",,RB,26434,2017,A,8792.15,0,0,0,0.0,0,0,0,0,27,173,1,29,22,205,0,0,0,0,0,0.0,23.3,42.5,0,65.8,69.0
48982,48982,21452,11246,Duke Johnson,RB,5-9,206.0,Cleveland Browns,1993-09-23,"Miami, FL",,Miami (FL),"Norland, FL",Cleveland Browns,3.0,77.0,2015.0,"642,500",,RB,26435,2017,H,8787.958333333334,0,0,0,0.0,0,0,0,0,25,102,1,36,28,241,2,0,0,0,0,0.0,16.2,64.1,0,80.30000000000003,69.0
49168,49168,21519,24845,T.J. Yeldon,RB,6-2,221.0,Jacksonville Jaguars,1993-10-02,"Daphne, AL",,Alabama,"Daphne, AL",Jacksonville Jaguars,2.0,36.0,2015.0,"972,617",,RB,56866,2017,A,8807.0,0,0,0,0.0,0,0,0,0,17,147,1,10,8,62,0,0,0,0,0,0.0,20.7,14.2,0,34.9,74.0
49169,49169,21519,24845,T.J. Yeldon,RB,6-2,221.0,Jacksonville Jaguars,1993-10-02,"Daphne, AL",,Alabama,"Daphne, AL",Jacksonville Jaguars,2.0,36.0,2015.0,"972,617",,RB,56867,2017,H,8803.5,0,0,0,0.0,0,0,0,0,14,52,0,12,8,50,0,0,0,0,0,0.0,5.199999999999998,13.0,0,18.2,74.0
49962,49962,21915,1942,Tommy Bohanon,FB,6-1,246.0,Jacksonville Jaguars,1990-09-10,"Cape Coral, FL",,Wake Forest,"North Fort Myers, FL",New York Jets,7.0,215.0,2013.0,"690,000",,RB,4213,2017,A,9901.416666666666,0,0,0,0.0,0,0,0,0,3,3,0,4,4,29,1,14,0,0,0,0.0,0.3,12.9,0,13.2,73.0
49963,49963,21915,1942,Tommy Bohanon,FB,6-1,246.0,Jacksonville Jaguars,1990-09-10,"Cape Coral, FL",,Wake Forest,"North Fort Myers, FL",New York Jets,7.0,215.0,2013.0,"690,000",,RB,4214,2017,H,9896.75,0,0,0,0.0,0,0,0,0,0,0,0,7,2,14,0,0,0,0,0,0.0,0.0,3.4000000000000004,0,3.4000000000000004,73.0
50921,50921,22273,1022,Joe Banyard,RB,5-11,213.0,,1988-11-12,"Sweetwater, TX",,Texas-El Paso,"Sweetwater, TX",,,,,"690,000",,RB,2099,2017,A,10557.0,0,0,0,0.0,0,0,0,0,0,0,0,0,0,0,0,0,0,0,0,0.0,0.0,0.0,0,0.0,71.0
50922,50922,22273,1022,Joe Banyard,RB,5-11,213.0,,1988-11-12,"Sweetwater, TX",,Texas-El Paso,"Sweetwater, TX",,,,,"690,000",,RB,2100,2017,H,10553.5,0,0,0,0.0,0,0,0,0,0,0,0,0,0,0,0,0,0,0,0,0.0,0.0,0.0,0,0.0,71.0
51758,51758,22654,24990,Zach Zenner,RB,6-0,220.0,Detroit Lions,1991-09-13,"Eagan, MN",,South Dakota St.,"Eagan, MN",,,,,"615,000",,RB,57179,2017,A,9535.5,0,0,0,0.0,0,0,0,0,4,0,0,0,0,0,0,20,0,0,0,0.0,0.0,0.0,0,0.0,72.0
51759,51759,22654,24990,Zach Zenner,RB,6-0,220.0,Detroit Lions,1991-09-13,"Eagan, MN",,South Dakota St.,"Eagan, MN",,,,,"615,000",,RB,57180,2017,H,9532.166666666666,0,0,0,0.0,0,0,0,0,7,22,1,0,0,0,0,0,0,0,0,0.0,8.2,0.0,0,8.2,72.0
52096,52096,22822,4418,James Conner,RB,6-1,233.0,Pittsburgh Steelers,1995-05-05,,,Pittsburgh,,Pittsburgh Steelers,3.0,105.0,2017.0,"465,000",,RB,10239,2017,A,8193.833333333334,0,0,0,0.0,0,0,0,0,12,64,0,0,0,0,0,0,0,0,0,0.0,6.4,0.0,0,6.4,73.0
52097,52097,22822,4418,James Conner,RB,6-1,233.0,Pittsburgh Steelers,1995-05-05,,,Pittsburgh,,Pittsburgh Steelers,3.0,105.0,2017.0,"465,000",,RB,10240,2017,H,8207.7,0,0,0,0.0,0,0,0,0,12,49,0,0,0,0,0,0,0,0,0,0.0,4.9,0.0,0,4.9,73.0
52167,52167,22857,6828,Josh Ferguson,RB,5-10,200.0,Indianapolis Colts,1993-05-23,,,Illinois,"Joliet Catholic Academy, IL",,,,,"540,000",,RB,15665,2017,A,8928.5,0,0,0,0.0,0,0,0,0,0,0,0,0,0,0,0,0,0,0,0,0.0,0.0,0.0,0,0.0,70.0
52168,52168,22857,6828,Josh Ferguson,RB,5-10,200.0,Indianapolis Colts,1993-05-23,,,Illinois,"Joliet Catholic Academy, IL",,,,,"540,000",,RB,15666,2017,H,8936.666666666666,0,0,0,0.0,0,0,0,0,1,5,0,0,0,0,0,0,0,0,0,0.0,0.5,0.0,0,0.5,70.0
52501,52501,22969,17370,Samaje Perine,RB,5-11,233.0,Washington Redskins,1995-09-16,,,Oklahoma,,Washington Redskins,4.0,114.0,2017.0,"465,000",,RB,40355,2017,A,8076.0,0,0,0,0.0,0,0,0,0,64,258,1,6,5,40,0,20,0,0,0,0.0,31.8,9.0,0,40.8,71.0
52502,52502,22969,17370,Samaje Perine,RB,5-11,233.0,Washington Redskins,1995-09-16,,,Oklahoma,,Washington Redskins,4.0,114.0,2017.0,"465,000",,RB,40356,2017,H,8068.625,0,0,0,0.0,0,0,0,0,61,207,0,9,8,85,1,28,0,0,0,0.0,20.7,22.5,0,43.2,71.0
52714,52714,23042,11834,Kyle Juszczyk,FB,6-2,248.0,San Francisco 49ers,1991-04-23,"Medina, OH",,Harvard,"Cloverleaf, OH",Baltimore Ravens,4.0,130.0,2013.0,,,RB,28068,2017,A,9662.75,0,0,0,0.0,0,0,0,0,3,23,0,7,5,29,1,0,0,0,0,0.0,2.3,13.9,0,16.2,74.0
52715,52715,23042,11834,Kyle Juszczyk,FB,6-2,248.0,San Francisco 49ers,1991-04-23,"Medina, OH",,Harvard,"Cloverleaf, OH",Baltimore Ravens,4.0,130.0,2013.0,,,RB,28069,2017,H,9677.9,0,0,0,0.0,0,0,0,0,3,5,0,15,11,91,0,0,0,0,0,0.0,0.5,20.1,0,20.6,74.0
53072,53072,23188,9745,Ryan Hewitt,FB,6-4,246.0,Cincinnati Bengals,1991-01-24,"Denver, CO",,Stanford,"J.K. Mullen, CO",,,,,"1,700,000",,RB,22480,2017,A,9770.3,0,0,0,0.0,0,0,0,0,0,0,0,1,1,16,0,0,0,0,0,0.0,0.0,2.6,0,2.6,76.0
53073,53073,23188,9745,Ryan Hewitt,FB,6-4,246.0,Cincinnati Bengals,1991-01-24,"Denver, CO",,Stanford,"J.K. Mullen, CO",,,,,"1,700,000",,RB,22481,2017,H,9752.5,0,0,0,0.0,0,0,0,0,0,0,0,0,0,0,0,0,0,0,0,0.0,0.0,0.0,0,0.0,76.0
53311,53311,23282,11230,David Johnson,RB,6-1,224.0,Arizona Cardinals,1991-12-16,"Clinton, IA",,Northern Iowa,"Clinton, IA",Arizona Cardinals,3.0,86.0,2015.0,"615,000",,RB,26407,2017,A,9399.25,0,0,0,0.0,0,0,0,0,11,23,0,9,6,67,0,0,0,0,0,0.0,2.3,12.7,0,15.0,73.0
53479,53479,23401,5664,Patrick DiMarco,FB,6-1,240.0,Buffalo Bills,1989-04-30,"Altamonte Springs, FL",,South Carolina,"Lake Brantley, FL",,,,,,,RB,13033,2017,A,10402.666666666666,0,0,0,0.0,0,0,0,0,1,-2,0,2,0,0,0,24,0,0,0,0.0,-0.2,0.0,0,-0.2,73.0
53480,53480,23401,5664,Patrick DiMarco,FB,6-1,240.0,Buffalo Bills,1989-04-30,"Altamonte Springs, FL",,South Carolina,"Lake Brantley, FL",,,,,,,RB,13034,2017,H,10393.6,0,0,0,0.0,0,0,0,0,1,0,0,4,4,26,0,0,0,0,0,0.0,0.0,6.6,0,6.6,73.0
53833,53833,23546,22969,Dan Vitale,FB,6-1,240.0,Cleveland Browns,1993-10-06,"Wheaton, IL",,Northwestern,"Wheaton-Warrenville South, IL",Tampa Bay Buccaneers,6.0,197.0,2016.0,"540,000",,RB,52679,2017,A,8779.1,0,0,0,0.0,0,0,0,0,0,0,0,3,1,7,0,0,0,0,0,0.0,0.0,1.7,0,1.7,73.0
53834,53834,23546,22969,Dan Vitale,FB,6-1,240.0,Cleveland Browns,1993-10-06,"Wheaton, IL",,Northwestern,"Wheaton-Warrenville South, IL",Tampa Bay Buccaneers,6.0,197.0,2016.0,"540,000",,RB,52680,2017,H,8774.916666666666,0,0,0,0.0,0,0,0,0,0,0,0,1,1,11,0,18,0,0,0,0.0,0.0,2.1,0,2.1,73.0
54015,54015,23663,160,Jay Ajayi,RB,6-0,216.0,Philadelphia Eagles,1993-06-15,"London, England",,Boise St.,"Liberty, TX",Miami Dolphins,5.0,149.0,2015.0,"615,000",,RB,269,2017,A,8887.4,0,0,0,0.0,0,0,0,0,85,382,0,13,9,41,0,0,0,0,0,0.0,38.2,13.1,0,51.3,72.0
54016,54016,23663,160,Jay Ajayi,RB,6-0,216.0,Philadelphia Eagles,1993-06-15,"London, England",,Boise St.,"Liberty, TX",Miami Dolphins,5.0,149.0,2015.0,"615,000",,RB,270,2017,H,8897.8,0,0,0,0.0,0,0,0,0,73,277,1,10,7,43,0,0,0,0,0,0.0,33.7,11.3,0,45.0,72.0
54145,54145,23738,16775,Jamize Olawale ,FB,6-0,235.0,Oakland Raiders,1989-04-17,"San Francisco, CA",,North Texas,"Long Beach Polytechnic, CA",,,,,"1,500,000",,RB,38856,2017,A,10401.0,0,0,0,0.0,0,0,0,0,3,5,1,2,2,13,0,9,0,0,0,0.0,6.5,3.3,0,9.8,72.0
54146,54146,23738,16775,Jamize Olawale ,FB,6-0,235.0,Oakland Raiders,1989-04-17,"San Francisco, CA",,North Texas,"Long Beach Polytechnic, CA",,,,,"1,500,000",,RB,38857,2017,H,10426.5,0,0,0,0.0,0,0,0,0,5,29,0,3,2,6,0,0,0,0,0,0.0,2.9000000000000004,2.6,0,5.5,72.0
54579,54579,23938,1081,Kenjon Barner,RB,5-9,196.0,Philadelphia Eagles,1989-04-28,"Lynwood, CA",,Oregon,"Notre Dame, CA",Carolina Panthers,6.0,182.0,2013.0,"568,235",,RB,2258,2017,A,10403.0,0,0,0,0.0,0,0,0,0,6,11,1,3,2,31,0,22,0,15,0,0.0,7.1000000000000005,5.1,0,12.2,69.0
54580,54580,23938,1081,Kenjon Barner,RB,5-9,196.0,Philadelphia Eagles,1989-04-28,"Lynwood, CA",,Oregon,"Notre Dame, CA",Carolina Panthers,6.0,182.0,2013.0,"568,235",,RB,2259,2017,H,10412.6,0,0,0,0.0,0,0,0,0,7,27,0,3,2,11,0,55,0,185,0,0.0,2.7,3.1,0,5.8,69.0
55531,55531,24313,15340,Lamar Miller,RB,5-11,215.0,Houston Texans,1991-04-25,"Miami, FL",,Miami (FL),"Killian, FL",Miami Dolphins,4.0,97.0,2012.0,"5,500,000",,RB,35399,2017,A,9676.1,0,0,0,0.0,0,0,0,0,81,282,2,11,9,73,1,0,0,0,0,0.0,40.2,22.3,0,62.5,71.0
55532,55532,24313,15340,Lamar Miller,RB,5-11,215.0,Houston Texans,1991-04-25,"Miami, FL",,Miami (FL),"Killian, FL",Miami Dolphins,4.0,97.0,2012.0,"5,500,000",,RB,35400,2017,H,9669.5,0,0,0,0.0,0,0,0,0,98,373,1,23,18,198,2,0,0,0,0,0.0,43.3,49.8,0,93.1,71.0
55849,55849,24486,23325,DeAndre Washington,RB,5-8,199.0,Oakland Raiders,1993-02-22,"Houston , TX",,Texas Tech,"Thurgood Marshall, TX",Oakland Raiders,5.0,143.0,2016.0,"540,000",,RB,53598,2017,A,8994.0,0,0,0,0.0,0,0,0,0,15,50,0,20,16,102,1,0,0,0,0,0.0,5.0,32.2,0,37.2,68.0
55850,55850,24486,23325,DeAndre Washington,RB,5-8,199.0,Oakland Raiders,1993-02-22,"Houston , TX",,Texas Tech,"Thurgood Marshall, TX",Oakland Raiders,5.0,143.0,2016.0,"540,000",,RB,53599,2017,H,9011.6,0,0,0,0.0,0,0,0,0,27,75,1,14,12,67,0,16,0,0,0,0.0,13.5,18.7,0,32.2,68.0
56103,56103,24606,22447,Fitzgerald Toussaint,RB,5-10,200.0,Pittsburgh Steelers,1990-05-04,"Youngstown, OH",,Michigan,"Liberty, OH",,,,,"243,529",,RB,51616,2017,H,10067.75,0,0,0,0.0,0,0,0,0,0,0,0,0,0,0,0,0,0,0,0,0.0,0.0,0.0,0,0.0,70.0
57098,57098,24984,10701,Chris Ivory,RB,6-0,222.0,Jacksonville Jaguars,1988-03-22,"Longview, TX",,Washington St.,"Longview, TX",,,,,"4,500,000",,RB,24719,2017,A,10803.916666666666,0,0,0,0.0,0,0,0,0,50,172,1,5,2,13,0,0,0,0,0,0.0,23.2,3.3,0,26.5,72.0
57099,57099,24984,10701,Chris Ivory,RB,6-0,222.0,Jacksonville Jaguars,1988-03-22,"Longview, TX",,Washington St.,"Longview, TX",,,,,"4,500,000",,RB,24720,2017,H,10799.25,0,0,0,0.0,0,0,0,0,35,108,0,22,18,159,1,0,0,0,0,0.0,10.8,39.9,0,50.7,72.0
57183,57183,25008,23419,Terrell Watson,RB,6-1,240.0,,1993-08-22,"Los Angeles, CA",,Azusa Pacific,"Oxnard, CA",,,,,,,RB,53899,2017,A,8815.333333333334,0,0,0,0.0,0,0,0,0,3,7,0,0,0,0,0,78,0,0,0,0.0,0.7,0.0,0,0.7,73.0
57184,57184,25008,23419,Terrell Watson,RB,6-1,240.0,,1993-08-22,"Los Angeles, CA",,Azusa Pacific,"Oxnard, CA",,,,,,,RB,53900,2017,H,8821.0,0,0,0,0.0,0,0,0,0,2,1,0,0,0,0,0,62,0,0,0,0.0,0.1,0.0,0,0.1,73.0
